userId,jobId,rating,timestamp
1,100058,3.5,1770681600
1,100076,0.5,1773187200
1,100098,1.5,1772755200
1,100014,1.5,1774137600
1,100125,2.5,1769904000
1,100408,2.5,1770595200
1,100423,4.5,1773273600
1,100158,0.5,1770249600
1,100237,4.0,1769904000
1,100248,0.5,1773964800
1,100286,1.0,1772496000
1,100223,5.0,1772582400
2,100461,1.0,1772064000
2,100489,1.5,1772928000
2,100208,1.0,1771113600
2,100459,4.5,1769126400
2,100186,1.0,1771372800
2,100343,5.0,1769040000
2,100336,4.5,1772841600
3,100452,1.5,1773705600
3,100046,1.5,1773100800
3,100121,2.5,1771804800
3,100307,3.5,1772841600
3,100062,5.0,1773964800
3,100395,4.0,1771286400
3,100413,3.0,1770422400
3,100160,1.0,1772496000
3,100168,4.5,1771891200
3,100426,4.0,1770508800
3,100299,2.0,1772755200
3,100377,1.5,1772236800
3,100199,4.0,1770336000
3,100412,3.0,1769731200
3,100383,2.5,1774137600
3,100380,5.0,1774051200
3,100120,0.5,1770422400
3,100478,2.0,1772841600
3,100216,4.5,1772150400
3,100111,2.5,1770768000
4,100185,1.5,1769212800
4,100462,4.0,1770768000
4,100415,3.0,1769385600
4,100350,3.5,1769904000
4,100062,0.5,1772755200
4,100273,1.0,1769731200
4,100443,4.0,1771632000
4,100121,3.5,1769126400
4,100439,3.0,1770336000
4,100226,3.5,1769385600
4,100198,1.0,1769731200
4,100004,1.5,1770422400
4,100465,2.5,1771459200
4,100491,1.0,1772323200
4,100201,3.5,1770940800
4,100474,4.5,1770163200
4,100469,3.0,1771718400
4,100130,0.5,1770076800
4,100154,0.5,1770681600
4,100046,1.5,1770768000
4,100479,4.0,1769904000
4,100421,1.5,1774224000
4,100387,3.5,1773187200
4,100120,2.5,1772496000
4,100152,5.0,1773792000
4,100107,1.0,1773360000
4,100440,2.0,1771372800
5,100496,3.5,1772236800
5,100393,1.5,1772064000
5,100425,3.5,1769040000
5,100332,5.0,1773014400
5,100390,0.5,1769040000
5,100066,0.5,1769126400
5,100433,4.5,1770681600
5,100304,5.0,1770768000
5,100351,2.0,1769212800
5,100210,1.0,1771718400
5,100405,2.0,1772841600
5,100480,1.5,1773964800
5,100163,3.5,1770854400
5,100231,3.5,1770940800
5,100244,2.5,1773446400
5,100447,1.0,1772236800
5,100376,1.5,1769040000
5,100068,5.0,1773619200
5,100133,0.5,1770336000
5,100088,4.5,1771891200
5,100303,4.0,1769731200
5,100423,4.0,1773619200
5,100167,2.0,1770336000
5,100409,2.0,1773187200
5,100144,2.5,1772668800
5,100101,4.0,1772150400
5,100043,1.5,1771891200
6,100307,1.5,1774137600
6,100110,2.5,1772841600
6,100421,2.0,1770854400
6,100144,4.0,1769212800
6,100372,2.0,1772236800
6,100346,5.0,1770508800
6,100096,4.0,1773792000
6,100214,0.5,1771632000
6,100092,1.5,1769472000
6,100209,3.0,1770422400
6,100405,3.5,1770508800
7,100365,0.5,1772409600
7,100196,2.0,1771632000
7,100362,3.0,1770940800
7,100216,5.0,1770336000
7,100376,0.5,1774224000
7,100305,2.5,1771459200
7,100131,5.0,1772150400
7,100037,2.5,1772064000
7,100048,3.0,1773532800
7,100285,4.5,1774051200
7,100030,5.0,1773273600
8,100086,1.5,1772841600
8,100257,1.0,1772496000
8,100252,0.5,1773532800
8,100476,4.0,1769472000
8,100173,2.5,1770163200
8,100449,3.0,1769126400
8,100239,3.5,1772668800
8,100067,2.5,1770854400
8,100045,2.5,1771372800
8,100162,3.0,1771891200
8,100363,1.5,1772496000
8,100271,4.0,1770076800
8,100221,1.5,1771200000
9,100325,4.0,1773619200
9,100408,1.5,1773619200
9,100225,3.0,1773792000
9,100027,2.0,1769472000
9,100096,2.5,1773273600
9,100076,1.5,1770163200
9,100117,4.5,1769731200
9,100093,2.5,1771113600
9,100018,5.0,1773100800
9,100240,5.0,1774224000
9,100133,4.5,1769990400
9,100083,5.0,1773273600
9,100361,3.5,1769212800
9,100239,1.0,1772928000
9,100223,4.0,1770508800
9,100059,1.0,1769385600
9,100458,3.0,1774137600
9,100474,2.5,1770508800
9,100253,1.0,1772064000
9,100020,3.0,1771027200
9,100226,1.0,1769644800
9,100182,3.0,1773446400
9,100363,0.5,1773792000
9,100287,4.0,1769644800
9,100248,4.0,1771718400
9,100234,2.5,1770940800
10,100002,1.0,1771200000
10,100168,5.0,1772150400
10,100496,1.0,1772064000
10,100022,2.5,1773273600
10,100335,2.0,1769990400
10,100318,3.5,1773792000
10,100486,0.5,1769558400
10,100231,2.0,1773360000
10,100166,3.5,1769990400
10,100485,3.5,1772668800
10,100374,1.5,1773619200
10,100375,2.5,1771545600
10,100464,3.5,1770163200
10,100490,2.5,1769299200
10,100408,5.0,1773532800
10,100291,3.0,1770595200
10,100066,1.0,1769644800
10,100108,3.0,1771459200
10,100441,2.0,1771545600
10,100024,4.0,1769385600
10,100410,3.5,1771632000
10,100329,2.5,1771113600
10,100144,5.0,1771891200
10,100165,1.0,1770076800
10,100028,3.5,1769817600
10,100380,3.0,1770854400
11,100222,2.0,1770681600
11,100322,1.5,1769126400
11,100218,4.0,1771372800
11,100047,4.5,1773792000
11,100020,2.5,1771718400
11,100262,3.5,1773792000
11,100174,4.0,1772582400
11,100498,1.5,1773532800
11,100237,2.5,1769644800
11,100346,2.0,1771372800
12,100151,3.0,1772841600
12,100291,5.0,1773792000
12,100024,4.5,1774137600
12,100282,1.0,1770163200
12,100039,4.0,1773273600
12,100469,1.5,1769644800
12,100023,3.5,1774051200
12,100262,1.0,1771977600
12,100055,2.5,1772496000
12,100261,5.0,1770249600
12,100217,4.0,1770076800
12,100211,4.0,1770854400
12,100048,2.5,1772409600
12,100237,1.5,1773100800
12,100338,1.5,1773792000
12,100368,5.0,1772841600
12,100416,1.0,1771891200
12,100129,4.5,1774137600
13,100202,4.0,1771718400
13,100059,3.5,1769472000
13,100006,5.0,1770249600
13,100087,4.0,1772582400
13,100335,5.0,1769731200
14,100184,1.5,1770681600
14,100353,2.0,1771891200
14,100344,4.5,1773187200
14,100493,1.0,1772582400
14,100345,4.0,1773446400
14,100202,4.0,1771891200
14,100411,0.5,1773619200
14,100154,1.5,1769299200
14,100044,1.5,1770163200
14,100064,4.0,1771545600
14,100069,4.0,1774137600
14,100007,4.0,1771027200
14,100097,2.0,1773187200
14,100057,2.5,1771113600
14,100417,3.5,1773964800
14,100008,3.0,1774224000
14,100356,1.0,1770768000
14,100496,3.5,1771977600
14,100096,4.0,1770163200
14,100439,5.0,1770940800
14,100013,4.5,1772668800
14,100107,0.5,1771545600
14,100246,3.5,1771545600
14,100332,4.5,1771027200
15,100313,3.0,1771804800
15,100478,3.5,1774137600
15,100347,1.5,1772668800
15,100463,2.0,1771632000
15,100418,3.0,1771804800
15,100444,2.0,1771459200
15,100249,2.0,1771027200
15,100118,3.0,1769212800
15,100365,5.0,1769558400
15,100031,4.0,1773532800
15,100270,2.5,1770249600
15,100009,3.5,1771977600
15,100216,3.0,1769904000
15,100295,4.0,1769817600
15,100161,1.5,1770854400
15,100283,2.0,1772668800
15,100032,1.0,1770595200
15,100137,4.0,1773532800
15,100457,1.5,1773187200
15,100331,1.5,1770940800
15,100213,4.0,1773705600
15,100455,3.5,1769040000
15,100242,4.0,1772582400
15,100059,2.0,1773100800
15,100253,4.5,1773964800
15,100318,0.5,1772323200
15,100480,2.5,1772323200
15,100330,1.5,1773273600
16,100016,2.5,1769299200
16,100413,1.5,1769558400
16,100032,4.5,1770940800
16,100172,1.0,1770336000
16,100220,0.5,1769126400
16,100058,4.0,1769817600
16,100316,4.0,1769644800
16,100116,1.0,1773705600
16,100061,5.0,1770854400
16,100287,1.0,1769731200
16,100114,4.5,1774051200
16,100249,4.5,1773705600
16,100132,1.5,1770768000
16,100174,1.0,1769472000
16,100401,2.0,1769212800
16,100181,3.0,1773360000
16,100393,2.5,1770336000
16,100023,4.0,1770076800
16,100394,4.5,1771545600
16,100449,1.0,1773446400
16,100285,3.0,1772409600
17,100062,4.0,1772409600
17,100434,2.5,1771459200
17,100103,1.5,1773792000
17,100224,2.5,1772236800
17,100496,3.5,1772236800
17,100212,2.0,1773446400
17,100393,4.5,1771977600
17,100003,2.0,1773532800
17,100125,3.5,1771977600
18,100459,3.0,1772496000
18,100234,3.5,1769990400
18,100487,1.5,1771891200
18,100436,0.5,1772064000
18,100264,0.5,1770595200
18,100406,1.5,1769299200
18,100349,5.0,1773964800
18,100185,4.5,1772668800
18,100483,3.5,1772064000
18,100015,4.5,1769472000
18,100226,2.5,1770249600
18,100074,3.0,1769212800
18,100394,3.0,1774224000
18,100005,2.5,1769299200
18,100367,4.5,1770854400
18,100412,1.5,1770422400
18,100035,3.5,1771804800
18,100043,2.0,1769385600
19,100319,1.5,1771372800
19,100403,4.5,1772668800
19,100316,2.0,1773792000
19,100333,4.5,1771200000
19,100226,2.5,1771372800
19,100357,3.0,1770076800
19,100176,1.5,1774137600
19,100454,0.5,1769385600
19,100415,4.5,1771027200
19,100400,2.5,1772928000
19,100332,2.5,1770249600
19,100207,3.5,1771459200
19,100397,1.0,1770249600
19,100101,0.5,1769644800
19,100451,3.0,1772841600
19,100154,4.5,1772323200
19,100043,1.0,1773964800
19,100018,1.0,1771804800
19,100275,2.5,1771113600
19,100171,0.5,1771718400
19,100199,3.0,1772928000
19,100371,5.0,1771113600
20,100457,2.0,1769731200
20,100480,3.0,1771718400
20,100321,1.0,1773446400
20,100340,3.5,1769644800
20,100273,3.5,1773792000
20,100432,1.0,1773964800
20,100304,3.5,1769385600
20,100119,1.5,1771632000
20,100179,2.0,1771804800
20,100153,1.0,1772236800
20,100145,4.5,1772064000
20,100341,5.0,1771200000
20,100401,4.5,1769990400
20,100417,3.5,1769472000
20,100366,2.5,1771027200
20,100293,4.0,1770768000
20,100344,3.5,1771804800
20,100071,4.0,1770249600
20,100365,3.5,1769731200
20,100193,1.5,1773446400
20,100266,4.5,1773532800
20,100377,4.0,1770336000
20,100126,4.0,1773532800
20,100053,4.5,1769472000
20,100167,4.5,1773619200
20,100264,2.0,1771718400
20,100298,4.0,1774051200
21,100080,5.0,1771977600
21,100483,0.5,1769126400
21,100286,2.5,1769385600
21,100189,2.5,1773100800
21,100471,1.5,1769731200
21,100487,4.0,1774224000
21,100060,1.0,1771200000
21,100308,3.0,1773878400
21,100436,0.5,1771977600
21,100209,4.0,1771113600
21,100056,2.5,1771113600
21,100061,4.0,1769299200
21,100292,3.0,1769904000
21,100148,3.5,1771632000
21,100020,5.0,1773532800
21,100267,1.5,1771459200
21,100078,4.0,1770076800
21,100190,4.0,1770595200
21,100156,4.0,1773446400
21,100191,3.0,1773792000
21,100155,5.0,1770595200
21,100150,5.0,1771977600
21,100248,3.5,1773014400
21,100014,3.5,1772409600
21,100405,4.5,1774051200
21,100073,4.0,1770163200
21,100072,2.5,1770681600
21,100401,1.0,1769472000
22,100362,4.5,1773792000
22,100012,2.0,1770854400
22,100292,4.5,1771113600
22,100322,0.5,1771113600
22,100407,4.5,1773187200
22,100395,4.0,1771459200
22,100158,0.5,1773619200
22,100287,4.5,1773273600
22,100330,0.5,1772755200
22,100063,2.0,1772928000
23,100429,1.0,1773705600
23,100454,4.5,1773360000
23,100296,2.5,1773446400
23,100227,1.5,1772841600
23,100043,1.0,1773446400
23,100413,2.5,1769040000
23,100273,3.5,1770508800
23,100310,1.5,1773964800
23,100164,5.0,1772496000
23,100205,1.5,1774137600
23,100301,0.5,1772582400
23,100023,3.5,1773705600
23,100251,3.0,1773446400
23,100441,3.5,1769299200
23,100478,3.0,1772841600
23,100011,3.5,1769040000
23,100174,1.0,1773964800
23,100223,2.0,1772928000
23,100092,5.0,1771027200
23,100212,2.0,1771545600
23,100012,4.5,1770076800
23,100440,4.5,1772150400
23,100270,1.0,1772755200
23,100162,0.5,1772496000
23,100195,4.0,1771200000
23,100131,3.5,1773878400
23,100046,4.0,1774137600
24,100324,5.0,1771977600
24,100119,4.0,1773792000
24,100467,4.5,1773100800
24,100453,1.5,1772236800
24,100009,4.5,1773360000
24,100137,2.0,1771286400
24,100283,3.5,1769212800
24,100493,4.5,1771804800
24,100300,0.5,1774224000
24,100345,4.0,1769644800
24,100051,5.0,1772668800
24,100126,1.5,1774224000
24,100390,0.5,1769126400
24,100284,4.0,1772755200
24,100333,5.0,1772841600
24,100402,3.5,1772323200
24,100064,2.0,1771027200
24,100155,4.5,1772668800
25,100082,1.0,1772064000
25,100378,1.0,1769644800
25,100273,1.5,1770249600
25,100288,4.5,1772755200
25,100035,3.5,1773100800
25,100153,5.0,1771459200
26,100162,0.5,1770508800
26,100452,1.5,1771977600
26,100349,4.5,1769299200
26,100484,4.0,1770076800
26,100175,3.5,1771286400
26,100325,1.0,1769904000
26,100133,1.0,1771286400
26,100385,0.5,1769299200
26,100362,4.0,1770508800
26,100231,1.0,1772323200
26,100139,3.5,1769731200
26,100125,5.0,1772323200
26,100339,3.5,1773273600
26,100164,0.5,1773619200
26,100174,4.0,1772236800
26,100107,2.0,1771804800
26,100235,0.5,1773014400
26,100491,0.5,1770076800
26,100306,2.5,1770508800
26,100168,3.0,1773187200
26,100008,1.0,1769731200
26,100467,5.0,1770768000
26,100354,2.5,1769817600
26,100068,2.0,1773014400
26,100330,4.0,1772236800
26,100472,0.5,1772755200
26,100001,4.0,1769299200
26,100311,5.0,1773100800
26,100243,0.5,1773187200
26,100002,3.5,1773619200
27,100291,1.0,1771027200
27,100256,1.5,1770163200
27,100252,1.0,1773532800
27,100087,2.5,1769126400
27,100282,5.0,1769558400
27,100099,2.0,1769385600
27,100337,4.5,1770249600
27,100378,2.5,1773187200
27,100289,0.5,1770422400
27,100344,4.5,1770854400
27,100349,2.5,1770508800
27,100308,4.5,1769385600
27,100089,4.0,1774224000
28,100328,4.5,1770076800
28,100344,0.5,1769385600
28,100482,2.0,1773964800
28,100332,2.5,1769212800
28,100026,3.5,1771286400
28,100437,4.0,1772496000
28,100480,0.5,1772064000
28,100165,2.0,1772409600
28,100221,1.0,1769385600
28,100432,5.0,1769817600
28,100208,0.5,1770163200
28,100140,2.0,1770422400
28,100062,3.5,1773878400
28,100348,2.0,1773187200
28,100265,1.5,1772409600
28,100238,2.5,1773878400
28,100253,1.0,1774137600
28,100185,4.0,1771891200
29,100012,5.0,1773619200
29,100303,1.0,1773964800
29,100408,0.5,1772150400
29,100320,3.0,1769385600
29,100478,1.0,1769904000
29,100171,1.5,1773964800
29,100430,4.0,1773964800
29,100128,2.5,1770854400
29,100126,3.5,1773878400
29,100055,1.0,1770508800
29,100242,0.5,1771200000
29,100122,0.5,1772668800
29,100490,3.5,1772064000
29,100174,1.0,1770854400
29,100426,3.5,1773014400
29,100027,5.0,1769904000
29,100420,5.0,1774224000
29,100170,4.0,1772150400
29,100266,4.0,1769904000
29,100406,3.5,1769385600
29,100121,5.0,1770854400
29,100483,1.0,1772409600
29,100037,0.5,1771718400
29,100397,4.5,1772409600
29,100307,5.0,1773187200
29,100317,1.0,1773705600
29,100224,0.5,1770940800
29,100391,1.0,1771027200
29,100048,2.0,1769299200
29,100228,5.0,1773532800
30,100260,4.5,1769990400
30,100131,1.5,1773446400
30,100181,4.0,1772582400
30,100215,5.0,1772409600
30,100246,2.5,1772236800
30,100371,0.5,1771372800
30,100317,5.0,1770595200
30,100227,1.5,1773964800
30,100095,2.0,1771459200
30,100124,4.5,1769558400
30,100070,0.5,1771891200
30,100408,3.0,1773187200
30,100022,2.0,1770768000
30,100030,2.0,1769904000
30,100065,1.0,1772409600
30,100159,2.0,1770595200
30,100299,4.0,1770422400
30,100223,4.0,1770940800
30,100262,3.0,1769558400
30,100491,5.0,1771113600
30,100333,3.0,1770854400
30,100386,2.5,1771977600
30,100183,3.0,1773360000
30,100298,1.0,1771718400
30,100453,0.5,1771545600
31,100471,3.0,1769817600
31,100001,3.5,1773100800
31,100327,3.5,1773273600
31,100114,0.5,1772236800
31,100354,0.5,1773878400
31,100117,3.0,1774137600
31,100238,4.5,1773619200
31,100319,1.5,1772668800
31,100109,4.0,1773187200
31,100122,5.0,1769212800
31,100246,3.0,1774051200
31,100376,0.5,1773187200
32,100145,2.0,1774137600
32,100089,1.5,1769644800
32,100112,2.5,1769212800
32,100453,1.0,1774137600
32,100134,1.5,1772150400
32,100368,1.0,1772409600
32,100173,2.0,1772582400
32,100433,4.0,1772928000
32,100283,3.0,1769817600
32,100125,3.0,1770595200
32,100091,1.5,1769040000
33,100409,2.0,1769212800
33,100319,0.5,1770076800
33,100451,5.0,1771027200
33,100222,2.0,1769558400
33,100449,4.5,1772668800
33,100364,1.5,1772496000
33,100033,2.0,1773964800
33,100060,2.5,1769472000
33,100073,1.5,1769558400
33,100473,4.5,1771027200
33,100066,4.0,1773100800
33,100406,1.0,1769904000
33,100097,4.0,1769904000
33,100098,5.0,1773878400
33,100272,1.5,1771459200
33,100193,3.5,1770076800
33,100355,4.5,1772236800
33,100191,4.0,1771372800
33,100162,4.0,1773273600
33,100306,3.0,1770336000
33,100219,3.0,1771372800
34,100247,5.0,1773360000
34,100366,3.0,1772841600
34,100489,4.5,1773792000
34,100253,1.5,1770076800
34,100242,1.0,1772668800
34,100137,4.0,1771372800
34,100297,3.0,1773014400
34,100205,5.0,1774051200
34,100326,4.0,1771459200
34,100471,5.0,1772409600
34,100404,3.5,1771804800
34,100298,4.0,1771891200
34,100332,3.5,1772236800
34,100018,4.0,1772496000
34,100106,2.5,1772150400
34,100112,0.5,1773273600
34,100458,4.0,1773014400
34,100103,2.5,1770681600
34,100231,1.0,1772323200
34,100441,1.0,1772668800
34,100120,4.5,1771459200
34,100202,4.5,1770681600
34,100111,1.0,1769904000
34,100156,2.5,1769126400
34,100217,2.0,1773705600
34,100455,1.0,1773878400
34,100193,3.0,1774051200
35,100102,2.5,1774224000
35,100170,2.5,1772668800
35,100100,3.0,1769904000
35,100345,3.5,1769040000
35,100168,3.5,1769731200
35,100128,5.0,1770076800
35,100154,0.5,1771632000
35,100381,4.5,1770076800
35,100417,1.5,1769472000
35,100393,3.5,1773014400
35,100349,2.0,1770249600
35,100432,2.0,1771632000
35,100140,2.0,1771372800
35,100097,5.0,1769904000
35,100361,4.5,1770076800
35,100309,4.0,1770249600
35,100070,4.0,1772409600
35,100437,1.0,1772496000
35,100385,2.0,1771891200
35,100366,3.5,1773100800
35,100378,4.0,1771804800
35,100278,4.5,1774137600
36,100071,3.5,1770508800
36,100295,3.5,1770076800
36,100447,4.5,1772582400
36,100065,3.0,1771027200
36,100156,0.5,1771113600
36,100482,0.5,1769126400
36,100377,1.5,1773446400
36,100004,3.0,1771113600
36,100255,5.0,1769212800
36,100414,5.0,1771113600
36,100337,3.5,1772150400
36,100427,2.0,1769040000
36,100181,3.5,1773878400
36,100173,4.5,1772150400
36,100115,2.0,1771632000
36,100214,1.0,1772409600
37,100492,2.5,1773100800
37,100231,2.0,1772668800
37,100327,4.5,1773878400
37,100458,4.0,1773964800
37,100155,3.0,1771372800
37,100047,0.5,1773360000
37,100087,3.0,1769472000
37,100053,3.5,1772064000
37,100345,1.5,1773619200
37,100283,1.5,1771286400
37,100090,3.5,1771632000
37,100016,1.0,1772150400
37,100423,2.0,1773532800
37,100352,2.0,1772582400
37,100308,3.5,1769731200
37,100250,4.0,1773360000
37,100013,5.0,1771113600
37,100095,2.5,1771027200
37,100101,2.0,1771459200
37,100035,4.0,1772755200
37,100466,2.0,1774224000
37,100493,1.5,1771804800
37,100197,1.0,1769731200
38,100309,4.0,1772323200
38,100413,2.5,1772064000
38,100126,5.0,1769731200
38,100269,1.5,1771977600
38,100168,2.0,1773273600
38,100466,5.0,1770249600
38,100291,3.5,1771718400
38,100450,3.5,1769212800
38,100251,1.5,1770422400
38,100235,5.0,1773705600
38,100236,3.5,1770422400
38,100294,0.5,1772928000
38,100020,1.5,1772755200
38,100377,4.5,1772668800
38,100046,1.0,1770422400
38,100147,2.0,1769212800
38,100330,4.0,1771977600
39,100283,2.0,1772064000
39,100062,0.5,1774224000
39,100188,2.5,1773619200
39,100039,1.5,1772496000
39,100386,4.0,1771545600
39,100053,4.0,1773878400
39,100258,1.0,1771200000
39,100392,2.0,1770336000
39,100399,4.0,1773532800
39,100166,4.0,1769731200
39,100209,2.5,1769644800
39,100230,1.5,1773360000
39,100084,0.5,1770940800
39,100129,1.0,1773273600
39,100106,2.5,1773619200
39,100259,4.5,1770163200
39,100022,3.5,1773360000
39,100236,1.0,1770595200
39,100013,0.5,1770508800
39,100037,2.5,1773446400
39,100327,4.0,1772323200
39,100355,1.5,1773100800
39,100345,0.5,1769299200
39,100383,4.5,1773100800
39,100195,4.0,1770422400
39,100175,0.5,1769644800
39,100381,4.5,1770681600
39,100204,1.0,1772150400
39,100438,2.5,1771804800
40,100306,2.0,1769126400
40,100002,2.0,1772236800
40,100024,2.0,1773187200
40,100395,1.0,1774137600
40,100193,3.5,1774137600
40,100392,0.5,1772409600
41,100348,1.5,1770249600
41,100342,1.5,1774051200
41,100032,3.5,1771459200
41,100112,1.0,1769731200
41,100490,3.0,1772496000
41,100451,4.5,1770768000
41,100049,2.0,1770854400
41,100408,2.0,1769126400
41,100427,4.5,1772064000
41,100425,3.5,1773619200
41,100340,2.0,1773100800
42,100182,3.5,1773100800
42,100165,4.0,1773014400
42,100088,1.0,1770595200
42,100007,2.5,1770681600
42,100205,5.0,1772236800
42,100334,0.5,1773878400
42,100161,2.0,1771977600
42,100006,2.5,1769990400
43,100255,1.5,1770768000
43,100052,3.0,1769558400
43,100364,4.0,1773878400
43,100274,3.0,1774137600
43,100405,5.0,1769212800
43,100472,5.0,1771804800
43,100435,3.5,1771459200
43,100291,2.0,1771459200
43,100087,5.0,1770336000
43,100128,0.5,1773014400
43,100491,0.5,1770854400
43,100048,1.0,1772582400
43,100307,2.0,1770163200
43,100166,3.5,1770076800
43,100323,2.0,1770854400
43,100356,1.0,1773964800
43,100198,1.5,1772236800
43,100347,4.0,1772668800
43,100473,2.0,1773446400
43,100497,3.5,1773100800
43,100394,0.5,1772928000
43,100355,5.0,1769040000
43,100068,4.0,1770163200
43,100170,3.0,1773532800
44,100162,2.0,1769558400
44,100329,3.0,1772409600
44,100402,2.0,1773100800
44,100389,4.5,1773964800
44,100020,2.0,1769817600
44,100266,2.0,1770940800
44,100405,3.5,1771372800
44,100212,3.0,1773273600
44,100331,4.0,1770768000
44,100416,0.5,1773878400
44,100147,4.0,1773878400
44,100384,2.0,1773964800
44,100012,1.5,1769040000
45,100064,1.0,1771891200
45,100046,4.0,1772582400
45,100088,1.5,1770249600
45,100303,2.0,1772928000
45,100281,3.5,1773273600
45,100425,5.0,1772928000
45,100407,2.5,1772668800
45,100477,5.0,1771804800
45,100104,2.0,1772755200
45,100120,4.0,1773792000
45,100259,3.0,1772064000
46,100085,3.5,1769558400
46,100241,1.0,1770076800
46,100225,2.5,1770940800
46,100216,4.5,1773446400
46,100258,4.5,1770249600
46,100312,1.5,1772841600
46,100376,3.5,1771718400
46,100221,2.5,1771718400
46,100389,2.5,1772150400
46,100079,4.5,1770940800
46,100419,4.0,1773878400
46,100488,3.0,1773532800
46,100406,4.0,1773187200
46,100246,1.5,1769212800
46,100010,2.0,1774224000
46,100390,0.5,1769472000
46,100195,4.5,1770249600
47,100191,2.5,1769990400
47,100251,3.0,1771459200
47,100207,4.0,1770768000
47,100473,3.0,1770422400
47,100212,0.5,1770681600
47,100481,3.5,1769126400
47,100202,3.5,1770163200
47,100496,2.0,1772928000
47,100380,4.0,1774051200
47,100196,3.0,1770768000
47,100250,0.5,1770422400
47,100157,1.5,1772841600
47,100328,5.0,1771718400
47,100301,1.5,1772841600
47,100036,2.0,1770940800
47,100209,5.0,1769040000
47,100453,1.5,1774224000
47,100019,1.0,1769990400
47,100471,1.0,1770681600
47,100063,3.5,1772064000
47,100197,5.0,1769299200
47,100477,1.0,1771372800
47,100289,2.0,1769385600
47,100083,3.5,1773360000
47,100099,3.5,1772841600
47,100390,2.5,1771459200
47,100223,4.5,1770595200
47,100490,3.5,1771027200
48,100375,1.5,1772755200
48,100210,2.0,1769126400
48,100385,3.5,1770422400
48,100448,2.5,1774224000
48,100473,1.5,1769731200
48,100372,4.0,1774224000
48,100445,1.0,1773878400
48,100045,3.5,1771372800
48,100055,3.5,1770681600
48,100325,2.5,1770249600
48,100293,3.5,1773360000
48,100397,1.5,1772236800
48,100408,1.5,1770336000
48,100176,1.5,1773187200
49,100093,5.0,1773705600
49,100257,1.5,1773792000
49,100485,2.5,1773792000
49,100056,3.5,1773619200
49,100230,2.5,1773878400
49,100290,3.0,1774137600
49,100416,5.0,1772928000
49,100108,4.0,1771545600
49,100095,1.0,1774224000
49,100102,0.5,1772755200
49,100030,0.5,1770595200
49,100383,5.0,1769904000
49,100414,0.5,1773705600
49,100388,2.0,1771372800
49,100098,0.5,1772150400
49,100132,5.0,1771372800
49,100461,2.5,1769126400
49,100446,4.0,1771632000
49,100209,3.0,1770940800
49,100225,3.5,1772409600
50,100349,3.0,1769817600
50,100455,1.0,1774224000
50,100175,4.0,1769472000
50,100161,3.5,1770249600
50,100418,1.5,1774137600
50,100122,5.0,1773619200
50,100481,4.5,1772755200
50,100184,2.0,1772236800
50,100340,4.0,1770854400
50,100204,4.0,1771459200
50,100193,3.5,1770595200
50,100312,2.0,1774224000
50,100029,3.0,1774137600
50,100499,3.0,1769472000
50,100182,0.5,1769817600
50,100447,3.0,1770508800
51,100119,3.5,1772668800
51,100310,5.0,1773187200
51,100248,1.5,1769472000
51,100204,4.5,1769385600
51,100378,5.0,1769904000
51,100313,4.5,1774051200
51,100406,1.5,1771545600
51,100041,1.0,1772582400
51,100178,4.5,1769472000
51,100219,4.0,1773360000
51,100480,4.0,1773619200
51,100476,4.0,1770595200
51,100482,4.5,1772928000
51,100243,2.0,1773100800
51,100337,1.5,1770076800
51,100438,1.0,1773705600
51,100358,3.5,1770336000
51,100463,0.5,1773360000
51,100051,3.0,1769299200
52,100392,1.0,1769904000
52,100143,3.0,1769472000
52,100112,2.0,1769126400
52,100368,5.0,1769990400
52,100131,5.0,1773878400
52,100340,3.0,1772150400
52,100243,3.5,1770681600
52,100487,4.5,1769558400
52,100459,3.5,1769817600
52,100343,2.0,1773014400
52,100063,2.5,1773619200
52,100069,2.5,1773792000
52,100472,1.0,1773792000
52,100273,3.0,1770163200
52,100324,5.0,1769126400
52,100371,2.0,1770163200
52,100251,1.0,1771113600
53,100065,3.0,1769990400
53,100436,3.0,1769817600
53,100160,1.5,1771372800
53,100488,5.0,1771027200
53,100194,2.0,1773705600
53,100295,3.5,1774224000
53,100377,4.5,1769558400
53,100000,4.0,1772496000
53,100159,1.5,1769731200
53,100031,2.5,1769644800
53,100302,2.0,1771545600
53,100274,4.0,1773446400
53,100097,5.0,1772668800
53,100433,1.5,1770163200
53,100198,0.5,1770940800
53,100216,3.0,1772582400
54,100352,2.0,1769558400
54,100063,2.0,1770422400
54,100140,0.5,1769126400
54,100434,1.5,1769558400
54,100361,4.0,1770249600
54,100293,3.5,1772582400
54,100244,1.5,1774137600
54,100323,4.5,1772064000
54,100424,3.0,1771891200
54,100110,4.0,1772323200
54,100253,3.5,1772064000
54,100149,1.0,1771372800
54,100360,2.5,1772668800
54,100494,2.0,1770422400
54,100192,4.5,1772064000
54,100030,1.0,1773532800
54,100414,3.0,1770076800
54,100170,5.0,1769472000
54,100078,0.5,1769558400
54,100423,2.5,1771718400
54,100366,1.5,1771113600
55,100226,2.0,1770163200
55,100356,0.5,1772236800
55,100247,5.0,1773705600
55,100149,1.5,1772150400
55,100459,3.5,1770508800
55,100074,1.5,1769126400
55,100107,0.5,1773705600
55,100111,3.0,1771632000
55,100411,1.5,1769040000
56,100060,1.5,1770768000
56,100263,3.5,1772928000
56,100332,0.5,1773619200
56,100173,2.0,1772064000
56,100303,4.0,1772582400
56,100222,5.0,1773273600
57,100381,4.5,1773014400
57,100192,0.5,1771027200
57,100397,5.0,1771113600
57,100354,4.0,1772755200
57,100407,1.0,1769904000
57,100343,5.0,1773273600
57,100337,3.5,1771632000
57,100045,3.5,1772582400
57,100398,5.0,1773532800
57,100237,1.0,1772496000
57,100442,1.0,1770336000
57,100418,4.5,1773273600
57,100332,3.5,1769731200
57,100195,0.5,1772064000
57,100140,4.5,1769731200
57,100323,4.5,1769904000
57,100334,4.5,1771545600
57,100227,1.0,1771372800
57,100188,5.0,1771286400
57,100005,1.0,1770076800
57,100061,2.0,1770595200
57,100059,1.0,1773273600
57,100042,5.0,1770422400
57,100062,1.5,1774224000
57,100250,4.5,1771804800
58,100160,4.5,1769299200
58,100062,2.5,1770595200
58,100020,4.5,1771804800
58,100065,1.5,1771113600
58,100294,4.0,1770422400
58,100105,3.0,1771372800
58,100334,3.0,1770940800
58,100082,4.5,1771459200
58,100044,2.0,1770422400
58,100287,1.0,1770595200
58,100131,0.5,1772928000
58,100435,0.5,1773187200
58,100385,1.5,1772582400
58,100017,2.0,1773532800
58,100043,5.0,1771200000
58,100063,2.0,1771027200
58,100259,3.0,1772755200
58,100152,1.5,1770249600
58,100186,5.0,1771891200
58,100494,1.0,1771200000
58,100278,2.5,1772841600
58,100087,3.5,1770681600
58,100216,1.5,1772064000
58,100483,4.0,1773792000
58,100336,2.5,1770508800
58,100000,3.5,1769040000
58,100127,1.5,1771286400
58,100153,2.0,1773878400
58,100023,2.5,1770768000
58,100484,2.0,1770336000
59,100288,1.0,1772755200
59,100336,1.0,1771286400
59,100331,1.0,1770508800
59,100420,4.5,1771977600
59,100261,1.0,1772409600
59,100309,1.0,1772236800
59,100083,3.0,1769990400
59,100214,2.5,1773446400
59,100078,2.0,1772755200
59,100161,0.5,1773705600
59,100403,3.5,1773014400
59,100222,3.5,1769040000
59,100194,1.0,1769904000
59,100013,1.0,1773273600
59,100493,4.5,1770249600
59,100126,2.5,1771027200
60,100250,3.5,1771632000
60,100048,5.0,1773532800
60,100270,2.5,1774224000
60,100178,4.5,1770336000
60,100358,1.5,1770595200
60,100292,1.5,1773446400
60,100443,3.5,1771113600
60,100144,2.5,1773964800
60,100282,3.0,1770336000
60,100138,2.0,1770508800
60,100311,5.0,1771977600
60,100050,4.0,1773273600
60,100459,4.0,1772323200
60,100024,4.0,1771459200
60,100087,2.5,1772755200
60,100162,3.5,1771372800
60,100484,2.0,1772582400
60,100384,1.0,1769040000
60,100199,2.5,1771977600
60,100092,3.0,1769558400
60,100176,1.0,1770768000
60,100412,1.0,1773878400
60,100379,2.0,1769040000
60,100347,1.0,1773360000
60,100495,5.0,1773964800
60,100403,1.0,1770163200
60,100272,2.5,1771200000
60,100304,4.0,1769817600
60,100451,0.5,1769040000
60,100435,3.5,1770508800
61,100477,3.5,1770422400
61,100374,4.5,1770163200
61,100069,3.0,1772928000
61,100245,4.5,1770508800
61,100254,5.0,1774051200
61,100263,5.0,1771804800
61,100350,1.5,1770508800
61,100346,4.5,1769299200
61,100454,2.0,1773273600
61,100272,1.0,1772236800
61,100357,1.5,1771459200
61,100063,3.0,1769040000
61,100207,0.5,1771891200
61,100007,4.0,1772150400
61,100315,1.5,1772236800
61,100097,1.0,1772409600
61,100466,2.0,1769644800
61,100425,4.5,1769558400
61,100381,1.0,1772668800
61,100003,2.5,1771632000
61,100365,2.5,1772841600
62,100001,4.5,1769731200
62,100377,0.5,1769126400
62,100323,4.0,1769299200
62,100291,5.0,1769558400
62,100201,4.0,1773964800
62,100111,3.0,1774224000
62,100472,5.0,1771718400
62,100156,3.0,1772582400
62,100475,3.0,1773705600
62,100477,0.5,1772323200
62,100491,1.5,1772064000
63,100004,2.5,1773014400
63,100051,4.0,1772064000
63,100220,3.0,1772582400
63,100251,3.0,1771891200
63,100101,1.5,1771286400
63,100043,2.5,1773705600
63,100270,4.0,1770595200
63,100263,4.0,1773360000
63,100460,1.5,1772323200
63,100078,3.5,1774224000
63,100210,3.0,1769385600
63,100063,2.0,1773619200
63,100467,2.0,1772668800
63,100249,0.5,1773532800
63,100003,3.5,1771977600
63,100079,3.0,1769299200
64,100082,2.5,1773619200
64,100341,3.5,1771545600
64,100101,4.5,1771545600
64,100485,1.5,1772496000
64,100245,3.5,1771459200
64,100491,3.5,1773532800
65,100490,0.5,1769990400
65,100055,2.0,1773964800
65,100405,3.0,1771891200
65,100010,5.0,1770163200
65,100064,0.5,1771891200
65,100079,4.0,1772668800
65,100176,2.5,1771545600
65,100256,1.0,1770076800
66,100126,1.0,1770422400
66,100316,4.5,1770854400
66,100078,1.5,1773187200
66,100373,5.0,1770768000
66,100261,1.5,1773014400
66,100095,1.0,1773532800
66,100127,3.5,1774051200
66,100143,2.5,1773187200
66,100392,1.5,1771891200
66,100058,0.5,1770854400
66,100442,2.0,1773792000
66,100134,0.5,1772150400
66,100358,3.5,1771372800
66,100341,2.5,1770422400
66,100420,2.0,1773014400
66,100219,3.0,1771891200
66,100101,4.0,1773964800
66,100242,4.5,1771891200
67,100026,1.0,1771891200
67,100155,1.5,1772841600
67,100056,4.0,1772236800
67,100137,3.0,1772582400
67,100186,1.0,1773705600
67,100143,0.5,1770508800
67,100482,4.5,1769990400
67,100179,1.5,1772409600
67,100364,3.0,1770163200
67,100214,3.0,1770163200
67,100126,5.0,1771372800
67,100163,5.0,1772236800
67,100458,2.0,1770681600
67,100024,2.5,1773100800
67,100093,5.0,1772150400
67,100020,1.0,1769385600
67,100000,1.0,1773532800
67,100338,5.0,1773619200
67,100381,0.5,1771027200
67,100164,2.0,1773187200
67,100108,4.0,1769126400
67,100146,1.0,1773878400
67,100241,4.5,1770854400
67,100465,3.0,1772582400
67,100310,4.0,1770076800
68,100273,4.5,1772323200
68,100369,3.0,1771804800
68,100078,1.0,1769212800
68,100022,3.5,1773878400
68,100065,4.0,1771977600
68,100098,4.5,1769126400
68,100214,4.5,1769904000
68,100281,0.5,1773360000
68,100364,5.0,1772755200
68,100129,1.5,1772668800
68,100456,0.5,1771113600
69,100406,3.5,1771545600
69,100497,4.5,1769472000
69,100355,4.5,1773878400
69,100097,1.5,1771804800
69,100379,4.5,1772150400
69,100417,4.5,1769990400
70,100205,4.5,1770336000
70,100310,4.5,1772841600
70,100139,2.5,1769558400
70,100105,2.0,1772668800
70,100094,2.5,1771200000
70,100001,1.0,1773360000
70,100081,2.0,1774051200
70,100292,4.5,1772928000
70,100111,2.5,1774051200
70,100303,1.5,1769040000
70,100356,2.5,1769126400
70,100004,1.5,1772755200
70,100450,0.5,1770681600
70,100475,2.0,1769731200
70,100404,2.0,1771286400
70,100262,1.0,1774224000
70,100233,3.0,1770768000
71,100497,2.5,1773273600
71,100188,2.5,1774137600
71,100166,4.5,1770595200
71,100042,5.0,1773705600
71,100484,3.5,1769040000
71,100361,2.5,1769472000
71,100452,5.0,1771200000
71,100281,2.0,1769731200
71,100135,4.0,1773014400
71,100369,3.0,1772755200
71,100068,2.0,1771027200
71,100209,3.5,1773446400
71,100459,4.0,1773014400
71,100313,3.5,1772236800
71,100150,1.5,1769299200
71,100029,4.0,1773792000
71,100320,4.0,1773273600
71,100417,4.0,1773273600
71,100005,1.5,1773187200
71,100421,5.0,1771545600
71,100182,1.5,1770681600
71,100112,2.5,1774137600
71,100374,2.5,1773360000
71,100494,1.5,1769731200
72,100351,0.5,1770940800
72,100311,1.0,1772150400
72,100096,3.5,1774137600
72,100035,1.0,1769731200
72,100073,0.5,1770076800
72,100036,0.5,1773532800
72,100218,2.0,1769990400
72,100125,1.0,1772755200
72,100232,1.5,1769040000
72,100465,5.0,1774224000
72,100330,0.5,1769904000
72,100496,1.0,1771286400
72,100206,3.0,1769558400
72,100051,1.0,1773187200
72,100370,1.5,1771632000
72,100269,5.0,1769299200
72,100070,4.0,1769731200
73,100157,4.5,1773619200
73,100169,0.5,1769731200
73,100245,0.5,1773705600
73,100079,4.5,1772668800
73,100124,1.0,1771459200
73,100028,3.5,1773446400
73,100278,0.5,1769212800
73,100354,2.0,1774137600
73,100136,2.0,1771891200
73,100321,3.5,1773446400
74,100335,2.0,1773705600
74,100146,2.5,1772323200
74,100115,1.0,1770854400
74,100471,3.0,1773619200
74,100450,3.0,1769126400
74,100350,1.0,1769299200
74,100196,0.5,1770940800
74,100351,1.5,1773273600
74,100452,3.5,1771372800
74,100366,3.0,1770940800
74,100421,1.5,1770508800
74,100461,3.5,1773446400
74,100057,2.5,1770854400
74,100251,2.5,1772323200
74,100086,1.0,1772755200
74,100056,4.0,1770595200
75,100477,4.0,1770249600
75,100135,4.0,1769731200
75,100415,1.0,1773619200
75,100464,5.0,1771891200
75,100364,2.5,1773446400
75,100408,1.0,1772496000
75,100039,1.5,1773273600
75,100403,3.5,1772323200
75,100001,3.0,1771545600
75,100441,3.5,1771632000
75,100076,3.5,1770940800
75,100398,3.0,1773532800
75,100335,2.0,1772150400
75,100075,3.5,1771200000
75,100163,4.0,1771286400
75,100199,4.5,1771545600
76,100274,0.5,1772236800
76,100420,4.5,1771632000
76,100117,1.5,1769212800
76,100196,1.0,1773964800
76,100042,3.0,1772236800
76,100297,1.5,1772668800
76,100366,4.0,1773446400
76,100215,4.5,1769126400
76,100269,3.5,1772928000
76,100295,2.0,1769731200
76,100397,2.0,1773964800
76,100355,1.5,1773619200
76,100415,1.5,1772150400
76,100383,0.5,1770422400
76,100112,3.5,1772236800
76,100359,0.5,1770422400
76,100044,1.0,1770595200
76,100120,5.0,1773878400
76,100185,4.0,1769644800
76,100001,5.0,1769472000
76,100104,1.5,1774137600
76,100435,1.5,1772236800
77,100040,1.5,1771632000
77,100125,1.5,1770163200
77,100039,4.5,1770422400
77,100006,2.5,1771632000
77,100291,3.5,1770249600
77,100425,3.0,1771804800
77,100416,0.5,1772668800
77,100213,1.0,1773446400
77,100076,0.5,1769385600
78,100016,1.5,1772755200
78,100309,1.0,1771372800
78,100384,3.5,1769040000
78,100088,1.5,1770163200
78,100257,2.0,1772064000
78,100082,5.0,1773964800
78,100005,2.0,1772064000
78,100202,1.5,1769731200
78,100426,4.5,1770940800
78,100216,1.0,1769731200
78,100348,4.0,1771632000
78,100485,3.0,1770681600
78,100448,3.5,1769731200
78,100232,3.5,1773360000
78,100283,0.5,1769817600
78,100364,3.0,1770681600
78,100424,3.5,1773187200
78,100132,2.5,1773705600
78,100470,1.0,1773878400
78,100292,3.0,1770940800
78,100256,3.0,1774137600
78,100156,2.0,1772668800
78,100363,1.5,1771286400
78,100116,1.0,1773878400
78,100476,2.0,1770940800
79,100387,2.0,1770768000
79,100465,0.5,1772928000
79,100158,2.5,1773792000
79,100096,5.0,1771113600
79,100282,0.5,1771113600
80,100247,1.5,1774137600
80,100023,5.0,1769904000
80,100024,3.5,1771632000
80,100161,5.0,1769472000
80,100047,0.5,1772668800
80,100483,1.5,1773446400
80,100158,4.0,1773792000
80,100004,1.0,1769040000
80,100182,2.0,1769385600
80,100384,2.0,1769817600
80,100144,1.5,1769990400
80,100490,1.5,1771459200
80,100203,4.5,1770249600
80,100256,5.0,1770681600
80,100099,4.5,1769126400
80,100200,3.0,1771804800
80,100371,1.5,1772409600
80,100498,2.5,1772236800
80,100066,5.0,1769558400
80,100359,3.5,1774051200
80,100345,3.5,1772928000
80,100049,2.0,1770854400
80,100169,5.0,1773878400
80,100208,1.5,1771113600
80,100459,4.0,1773705600
80,100379,0.5,1773446400
80,100257,2.5,1771200000
80,100051,1.0,1771545600
80,100413,1.0,1771718400
80,100396,3.0,1773360000
81,100082,2.5,1770076800
81,100034,4.0,1770681600
81,100143,1.5,1769040000
81,100295,1.0,1771113600
81,100186,4.0,1774051200
81,100180,3.0,1769558400
81,100045,2.5,1772064000
81,100036,3.5,1769558400
81,100091,5.0,1769212800
81,100363,1.5,1771804800
81,100395,3.0,1771459200
81,100235,5.0,1769040000
81,100132,3.0,1772236800
81,100242,1.0,1770508800
82,100259,1.0,1772668800
82,100230,3.5,1773360000
82,100134,5.0,1772064000
82,100449,1.0,1773014400
82,100448,3.5,1769472000
82,100349,4.0,1770595200
82,100021,1.0,1772323200
82,100317,4.0,1771718400
82,100329,4.5,1769299200
82,100029,4.0,1773705600
82,100379,1.0,1773273600
82,100404,1.0,1769212800
82,100125,3.5,1769990400
82,100358,3.5,1773187200
82,100420,3.5,1772409600
82,100287,1.0,1772496000
82,100004,3.0,1770940800
82,100079,4.0,1773100800
83,100379,2.0,1769472000
83,100243,0.5,1769040000
83,100058,3.5,1772755200
83,100142,2.5,1770768000
83,100232,1.5,1773792000
83,100019,1.5,1773878400
83,100279,2.5,1772064000
83,100079,1.0,1772582400
83,100485,4.0,1769472000
83,100240,3.5,1771372800
83,100074,2.0,1770595200
83,100327,2.5,1773273600
83,100109,0.5,1773792000
83,100163,3.5,1772409600
83,100290,2.5,1773360000
83,100016,2.0,1772323200
83,100307,3.5,1771632000
83,100396,4.0,1771286400
83,100194,1.5,1770422400
83,100031,3.5,1772323200
83,100479,5.0,1772150400
83,100413,0.5,1771200000
83,100185,5.0,1773187200
83,100404,1.0,1770249600
83,100220,5.0,1770854400
83,100242,1.5,1772496000
83,100027,3.0,1774224000
84,100459,3.5,1772841600
84,100234,4.5,1770249600
84,100478,0.5,1771804800
84,100075,1.5,1770768000
84,100255,4.0,1770768000
84,100442,5.0,1773705600
84,100162,0.5,1773100800
84,100058,2.0,1771977600
84,100405,4.5,1769990400
85,100307,0.5,1772236800
85,100193,3.0,1774137600
85,100110,2.5,1769299200
85,100178,2.5,1771459200
85,100107,1.0,1770422400
85,100487,4.0,1770681600
85,100097,4.0,1771977600
85,100497,3.5,1772323200
85,100347,3.0,1769644800
85,100295,4.5,1771891200
86,100498,2.5,1770422400
86,100391,5.0,1769040000
86,100171,1.0,1773792000
86,100058,1.0,1773792000
86,100474,0.5,1770854400
86,100090,3.5,1773705600
86,100234,4.0,1770163200
86,100219,5.0,1769126400
86,100191,4.5,1773705600
86,100283,4.0,1771459200
86,100304,5.0,1769817600
86,100083,0.5,1770595200
86,100277,2.5,1769558400
86,100223,3.5,1773100800
86,100195,2.0,1769990400
86,100145,4.0,1771200000
86,100432,3.5,1773619200
86,100337,2.0,1769558400
86,100352,4.0,1769040000
86,100348,1.0,1772323200
86,100324,4.0,1771977600
87,100360,3.5,1774051200
87,100401,0.5,1774137600
87,100379,1.5,1769904000
87,100202,3.0,1769644800
87,100003,4.5,1769731200
87,100481,5.0,1772496000
87,100191,3.0,1773360000
87,100400,5.0,1771891200
87,100114,2.0,1771200000
87,100259,3.5,1773187200
87,100145,5.0,1770681600
87,100137,3.5,1769644800
87,100450,0.5,1769817600
87,100337,5.0,1771891200
87,100135,1.5,1769040000
87,100157,3.5,1770249600
87,100429,1.5,1772064000
87,100462,3.0,1771372800
87,100407,1.5,1771891200
87,100465,2.0,1773705600
87,100212,1.5,1771459200
87,100344,1.0,1770768000
87,100123,5.0,1769904000
87,100002,3.5,1769644800
87,100460,2.5,1769644800
88,100081,1.5,1771718400
88,100485,3.0,1773273600
88,100165,2.0,1770681600
88,100104,2.0,1772582400
88,100047,2.0,1771286400
88,100013,2.0,1770249600
88,100223,3.5,1769990400
88,100005,2.5,1770595200
88,100321,0.5,1772755200
88,100394,1.0,1769126400
88,100303,1.5,1770768000
88,100078,0.5,1770768000
88,100014,5.0,1769472000
88,100316,1.0,1773619200
88,100362,4.0,1769126400
88,100278,5.0,1773619200
88,100471,1.0,1773446400
88,100497,2.5,1772841600
88,100040,1.5,1773792000
88,100292,1.0,1771545600
88,100195,3.0,1769212800
88,100012,2.0,1772064000
89,100251,1.0,1773100800
89,100407,3.5,1772150400
89,100011,3.0,1770768000
89,100211,4.0,1769817600
89,100037,1.5,1773273600
89,100249,2.5,1774224000
89,100491,1.5,1770595200
89,100320,5.0,1770768000
90,100437,1.5,1773100800
90,100016,3.0,1773619200
90,100060,2.0,1774137600
90,100499,3.0,1773532800
90,100175,2.0,1773792000
90,100177,1.5,1772755200
90,100247,2.5,1771632000
90,100314,2.0,1773792000
90,100307,3.0,1770336000
90,100279,4.5,1770681600
90,100002,2.5,1771718400
90,100081,4.0,1771891200
90,100267,4.5,1769040000
90,100379,3.5,1769126400
90,100130,2.0,1772841600
90,100474,1.5,1773187200
90,100062,2.5,1772064000
90,100098,1.0,1771027200
90,100310,5.0,1772582400
90,100015,1.5,1769904000
90,100274,2.0,1770249600
90,100011,4.0,1771891200
90,100265,4.0,1771891200
90,100262,5.0,1770163200
91,100417,1.0,1771804800
91,100163,1.5,1769385600
91,100318,0.5,1771459200
91,100055,2.5,1771027200
91,100310,3.5,1772668800
91,100196,5.0,1769731200
91,100219,4.5,1772323200
91,100102,3.5,1774137600
91,100290,1.0,1773273600
91,100180,3.0,1771891200
91,100191,1.5,1772323200
91,100459,2.0,1773878400
91,100323,2.0,1770595200
92,100190,2.0,1771200000
92,100074,1.0,1772150400
92,100399,2.5,1770940800
92,100160,2.0,1771372800
92,100062,2.0,1773705600
92,100004,4.5,1772755200
92,100163,5.0,1769040000
92,100352,1.0,1771113600
92,100005,3.5,1770508800
92,100367,3.5,1772496000
92,100168,3.0,1773187200
92,100109,2.0,1773964800
92,100238,4.0,1771545600
92,100290,0.5,1772755200
92,100407,3.5,1773619200
92,100164,1.0,1771804800
93,100307,5.0,1774224000
93,100167,4.0,1772668800
93,100302,1.5,1769644800
93,100196,3.5,1774051200
93,100121,4.5,1769212800
93,100295,4.5,1774051200
93,100010,3.0,1770681600
93,100145,0.5,1773878400
93,100009,4.0,1773705600
93,100329,3.5,1770249600
94,100140,4.0,1771545600
94,100162,1.0,1769644800
94,100385,3.0,1769040000
94,100177,5.0,1773705600
94,100204,0.5,1773014400
94,100040,0.5,1769731200
94,100284,0.5,1773532800
94,100396,1.0,1772496000
94,100160,3.5,1773014400
94,100252,1.5,1773792000
94,100313,2.0,1770249600
94,100024,3.0,1769731200
94,100201,4.5,1774224000
94,100152,0.5,1772841600
95,100022,3.5,1770768000
95,100056,4.0,1770595200
95,100024,1.0,1771372800
95,100484,4.5,1772928000
95,100155,5.0,1771632000
95,100038,4.0,1772755200
95,100135,3.0,1769990400
95,100168,4.0,1773014400
95,100352,1.0,1772841600
95,100313,2.5,1770336000
95,100405,1.0,1772323200
95,100415,4.5,1769644800
95,100194,2.0,1770595200
95,100138,2.0,1770422400
95,100357,1.0,1773878400
95,100087,4.0,1773964800
95,100473,2.0,1774224000
95,100070,2.0,1771718400
95,100298,3.5,1773187200
95,100235,4.0,1773705600
95,100061,3.0,1773100800
95,100064,5.0,1770076800
95,100163,4.5,1771459200
95,100441,3.0,1770076800
95,100075,2.5,1770336000
95,100385,4.0,1770681600
95,100299,1.5,1769558400
95,100454,4.5,1773705600
95,100435,1.5,1773014400
95,100494,3.0,1772150400
96,100444,4.0,1769385600
96,100317,1.0,1770163200
96,100262,1.0,1772928000
96,100103,0.5,1769299200
96,100399,4.0,1773273600
96,100204,2.5,1774137600
96,100096,4.0,1770595200
96,100035,4.5,1771804800
96,100142,3.0,1772841600
96,100216,1.0,1769126400
96,100084,4.5,1773792000
96,100351,3.0,1771891200
96,100157,2.0,1773446400
96,100487,3.5,1771459200
96,100445,3.5,1771459200
96,100295,3.0,1773964800
96,100331,4.0,1772755200
96,100052,3.0,1773705600
96,100075,0.5,1770681600
97,100374,0.5,1770681600
97,100475,2.0,1773619200
97,100216,2.0,1773619200
97,100099,0.5,1769299200
97,100150,0.5,1771113600
97,100096,2.5,1772928000
97,100206,1.0,1771286400
97,100090,1.0,1772755200
97,100304,2.0,1769385600
97,100141,5.0,1770422400
97,100271,3.5,1772064000
97,100311,3.5,1773705600
97,100252,2.0,1770249600
97,100265,2.5,1771545600
97,100221,2.0,1773360000
97,100055,2.0,1772323200
97,100348,2.5,1770336000
98,100147,1.5,1774224000
98,100375,4.0,1771891200
98,100001,3.0,1774137600
98,100048,1.5,1772841600
98,100094,1.0,1773360000
98,100257,0.5,1770940800
98,100464,3.0,1771632000
98,100358,5.0,1774224000
98,100318,4.0,1769472000
98,100244,2.0,1771632000
98,100378,1.0,1774051200
98,100156,0.5,1771113600
98,100436,2.5,1769644800
98,100352,2.0,1771372800
98,100122,4.5,1773360000
98,100087,1.5,1769990400
98,100161,1.0,1773705600
98,100348,2.5,1769817600
98,100035,3.0,1771804800
98,100085,4.0,1770163200
98,100095,3.0,1771286400
98,100170,2.5,1770595200
98,100460,4.0,1772841600
98,100233,3.0,1771718400
99,100423,4.5,1769990400
99,100180,5.0,1771632000
99,100154,1.0,1772755200
99,100363,4.5,1770249600
99,100170,0.5,1773446400
100,100438,3.5,1770768000
100,100112,1.0,1772755200
100,100337,4.5,1769299200
100,100072,4.0,1769385600
100,100182,4.5,1773273600
100,100254,2.5,1769212800
100,100015,3.0,1769385600
100,100125,3.0,1772064000
100,100295,5.0,1771977600
100,100379,2.5,1772582400
100,100356,2.0,1774051200
100,100498,5.0,1771372800
100,100220,3.0,1769644800
100,100184,5.0,1773619200
100,100105,3.5,1769904000
100,100381,4.0,1771113600
100,100045,3.0,1772668800
100,100099,1.0,1774224000
101,100474,4.0,1774051200
101,100350,2.0,1772668800
101,100075,5.0,1773619200
101,100238,0.5,1771545600
101,100348,2.5,1774224000
101,100076,3.5,1772323200
101,100267,0.5,1773964800
101,100494,2.5,1773532800
101,100148,3.0,1769385600
101,100319,2.5,1769904000
101,100285,4.5,1770595200
101,100340,4.5,1773446400
101,100083,1.0,1770336000
101,100155,2.5,1773446400
101,100249,2.0,1771891200
101,100147,5.0,1769212800
101,100033,1.0,1772668800
101,100409,2.0,1774051200
101,100150,4.0,1769126400
101,100007,3.0,1772928000
102,100347,1.0,1772582400
102,100326,5.0,1769126400
102,100197,4.0,1771286400
102,100216,1.5,1772150400
102,100204,3.5,1773705600
102,100495,1.5,1771372800
102,100462,4.0,1770422400
102,100050,3.0,1771459200
102,100457,3.0,1771718400
102,100133,3.0,1771891200
102,100471,4.0,1771977600
102,100154,3.5,1771718400
102,100305,0.5,1769212800
102,100159,4.5,1774137600
102,100088,3.5,1773792000
102,100288,1.5,1770854400
102,100223,2.5,1769904000
102,100448,2.0,1771027200
102,100165,4.5,1772236800
102,100411,1.5,1770854400
102,100296,4.5,1769299200
102,100071,5.0,1769385600
102,100349,2.5,1773964800
102,100393,3.5,1773532800
102,100102,3.5,1770595200
102,100128,0.5,1771718400
102,100069,4.5,1771718400
102,100213,0.5,1773792000
102,100283,0.5,1772755200
102,100156,1.0,1772409600
103,100049,1.5,1773014400
103,100420,1.5,1772582400
103,100148,2.5,1770249600
103,100289,0.5,1769817600
103,100246,4.0,1770854400
103,100353,2.0,1773619200
103,100169,1.0,1774224000
103,100442,1.5,1770940800
103,100031,1.0,1771372800
103,100062,1.0,1772928000
103,100379,2.0,1773705600
103,100299,4.0,1774137600
103,100345,4.5,1771804800
103,100261,3.5,1773964800
103,100378,1.0,1772582400
103,100367,3.5,1771632000
103,100027,1.5,1769731200
103,100359,2.0,1769644800
103,100104,4.5,1772841600
103,100264,5.0,1770508800
103,100073,4.0,1769558400
103,100287,5.0,1773619200
103,100495,3.5,1773446400
103,100253,0.5,1773273600
104,100419,2.0,1771632000
104,100381,4.0,1772668800
104,100336,2.5,1770595200
104,100123,1.0,1771027200
104,100087,4.0,1772236800
104,100261,2.5,1772064000
104,100379,3.5,1770422400
104,100358,1.0,1771718400
104,100279,3.5,1769731200
105,100075,3.0,1773532800
105,100014,4.0,1769385600
105,100145,4.0,1772755200
105,100234,0.5,1773360000
105,100061,3.0,1771459200
105,100288,4.5,1773100800
105,100199,3.0,1769299200
105,100005,4.5,1772150400
105,100297,4.5,1773878400
105,100155,1.5,1770681600
105,100017,1.5,1772323200
105,100330,5.0,1772409600
105,100333,4.0,1770336000
105,100457,1.5,1772755200
105,100336,2.5,1769126400
105,100317,3.5,1773878400
105,100227,4.0,1772150400
105,100021,4.0,1770940800
106,100092,2.0,1773705600
106,100294,1.0,1771545600
106,100362,4.0,1772496000
106,100474,2.0,1769990400
106,100259,2.0,1773705600
106,100397,1.5,1770249600
106,100337,3.5,1770076800
106,100269,3.5,1769126400
106,100132,1.0,1773964800
106,100066,5.0,1772841600
106,100357,1.0,1774051200
106,100165,1.0,1771804800
106,100301,3.0,1770940800
106,100489,0.5,1769126400
106,100297,1.5,1772496000
106,100178,1.0,1770422400
106,100299,4.0,1772150400
106,100316,1.5,1770768000
106,100424,5.0,1771200000
106,100206,2.0,1773187200
106,100034,2.5,1771545600
106,100023,4.0,1770508800
106,100015,2.5,1773014400
106,100436,2.0,1770163200
106,100375,1.5,1771891200
106,100081,4.5,1769817600
107,100098,4.0,1773187200
107,100044,2.0,1771113600
107,100298,4.0,1771459200
107,100012,3.0,1772323200
107,100322,5.0,1769299200
107,100491,4.5,1769558400
107,100342,1.5,1769817600
107,100049,1.0,1771804800
107,100104,3.5,1770768000
107,100017,3.5,1769472000
107,100414,1.0,1771113600
107,100071,1.0,1773532800
107,100457,4.5,1772582400
107,100002,1.0,1773619200
107,100184,4.0,1773014400
107,100396,0.5,1770940800
107,100208,4.5,1772409600
107,100290,0.5,1773014400
107,100279,2.5,1769126400
107,100442,2.5,1772150400
107,100036,3.0,1773878400
107,100174,1.5,1772668800
107,100094,1.0,1771286400
107,100349,5.0,1772928000
107,100373,4.5,1769126400
107,100490,5.0,1771459200
107,100466,2.5,1772064000
107,100372,5.0,1773964800
107,100328,4.5,1770422400
107,100270,1.0,1771027200
108,100479,0.5,1772928000
108,100469,4.0,1773878400
108,100134,5.0,1769299200
108,100334,5.0,1770422400
108,100015,0.5,1772323200
108,100016,1.0,1769040000
108,100173,3.5,1770940800
108,100215,5.0,1769126400
108,100133,1.0,1769385600
108,100102,4.5,1771632000
108,100171,1.5,1772755200
108,100454,0.5,1773705600
108,100391,0.5,1771545600
108,100030,4.5,1773014400
108,100071,3.0,1771891200
108,100104,4.0,1772582400
108,100280,2.0,1774137600
108,100418,0.5,1774137600
108,100375,2.0,1771286400
108,100168,5.0,1769472000
109,100349,1.0,1771804800
109,100350,1.0,1769299200
109,100377,5.0,1769299200
109,100009,3.0,1772323200
109,100282,2.0,1772409600
109,100246,3.5,1769212800
109,100026,0.5,1772928000
109,100198,2.0,1773792000
109,100392,5.0,1774224000
109,100193,2.0,1771977600
109,100356,4.5,1771113600
109,100064,0.5,1769817600
109,100220,0.5,1769472000
109,100359,2.0,1769731200
109,100218,0.5,1773878400
109,100281,0.5,1773532800
109,100070,4.0,1773273600
110,100022,1.0,1773878400
110,100160,2.5,1769040000
110,100179,4.5,1773100800
110,100308,4.0,1770336000
110,100335,3.0,1769299200
110,100455,2.0,1771804800
110,100125,2.5,1769040000
110,100149,3.0,1769990400
110,100066,4.5,1772668800
110,100310,2.0,1771372800
110,100203,2.5,1772496000
110,100245,4.5,1771459200
110,100336,1.0,1773964800
110,100062,3.0,1769299200
111,100361,3.0,1770249600
111,100486,1.5,1774051200
111,100318,2.0,1770422400
111,100248,4.0,1770681600
111,100143,4.0,1769040000
111,100040,1.0,1774137600
111,100104,4.0,1769644800
111,100466,0.5,1772755200
111,100070,2.5,1771027200
111,100430,3.5,1772582400
111,100499,1.0,1773964800
111,100266,2.5,1769558400
111,100118,5.0,1772150400
111,100156,4.0,1774137600
111,100379,3.5,1772150400
111,100283,4.0,1774051200
111,100107,2.0,1773100800
111,100062,3.5,1773273600
112,100220,3.0,1770249600
112,100272,5.0,1771891200
112,100026,3.5,1769904000
112,100338,0.5,1769817600
112,100156,1.0,1771200000
112,100016,3.5,1769040000
112,100277,2.5,1769558400
112,100390,4.5,1771718400
112,100178,3.5,1771113600
112,100479,5.0,1769990400
112,100013,4.5,1772841600
112,100465,1.5,1772150400
112,100311,4.0,1770163200
112,100386,2.0,1773532800
112,100457,0.5,1772755200
112,100172,2.5,1773792000
112,100472,2.0,1769990400
112,100424,4.5,1772668800
112,100464,3.0,1771113600
112,100134,3.5,1774051200
112,100414,5.0,1772755200
112,100385,3.0,1772755200
112,100302,2.5,1769904000
112,100110,5.0,1774224000
112,100387,1.0,1772582400
112,100014,5.0,1770595200
113,100428,4.5,1773100800
113,100135,3.5,1773964800
113,100433,5.0,1769040000
113,100091,1.0,1772755200
113,100227,5.0,1771200000
113,100236,3.0,1773878400
113,100008,4.0,1773273600
113,100225,2.5,1769990400
113,100004,2.5,1772841600
113,100238,4.0,1773532800
113,100018,2.0,1770768000
113,100494,1.5,1773446400
113,100183,5.0,1770681600
113,100245,0.5,1773014400
113,100326,1.0,1770681600
114,100094,3.0,1774051200
114,100350,4.5,1770336000
114,100259,2.0,1773964800
114,100440,2.5,1772841600
114,100225,0.5,1770508800
114,100296,3.0,1771286400
115,100022,5.0,1769904000
115,100307,3.0,1772409600
115,100120,3.5,1769299200
115,100179,3.0,1771632000
115,100055,2.5,1770854400
115,100039,0.5,1773360000
115,100259,3.0,1774051200
115,100227,2.5,1769126400
115,100057,1.5,1769212800
115,100261,5.0,1774137600
115,100121,1.0,1770940800
115,100104,2.0,1769817600
115,100166,3.0,1771459200
115,100292,4.5,1769904000
115,100190,5.0,1770336000
115,100424,3.0,1769040000
115,100421,2.0,1772150400
115,100348,5.0,1774051200
115,100212,1.5,1772150400
115,100036,1.0,1773878400
115,100328,2.0,1771113600
115,100218,4.5,1771113600
115,100448,4.5,1770249600
115,100144,3.5,1771286400
115,100073,1.0,1769558400
115,100012,4.5,1769817600
115,100167,0.5,1770940800
116,100337,1.0,1770422400
116,100268,2.0,1771804800
116,100266,3.5,1772236800
116,100225,1.0,1772323200
116,100162,4.5,1771459200
116,100137,1.0,1769212800
116,100099,3.0,1770681600
116,100428,4.0,1770940800
116,100294,2.0,1771804800
116,100150,3.5,1773014400
116,100466,5.0,1769731200
116,100124,1.5,1769126400
116,100168,4.5,1772928000
116,100409,3.5,1770508800
116,100393,5.0,1770595200
116,100185,1.5,1770940800
116,100118,2.5,1769904000
116,100233,2.5,1772409600
116,100161,3.0,1773619200
116,100383,1.0,1771977600
117,100258,4.5,1770336000
117,100075,4.0,1770163200
117,100294,1.0,1773532800
117,100253,0.5,1769644800
117,100323,3.5,1774137600
117,100451,1.5,1773878400
117,100395,1.5,1771459200
117,100101,4.5,1769212800
117,100460,3.5,1769299200
117,100092,3.5,1772323200
117,100448,1.5,1772064000
117,100232,4.5,1772928000
117,100007,2.5,1773619200
117,100085,3.0,1769299200
117,100061,3.0,1771027200
117,100214,5.0,1770854400
117,100134,1.0,1770249600
117,100391,0.5,1773878400
118,100471,0.5,1771027200
118,100181,5.0,1772236800
118,100486,4.0,1772150400
118,100229,3.0,1771804800
118,100466,1.5,1771459200
118,100209,5.0,1772755200
118,100322,1.0,1773014400
118,100230,2.5,1771545600
118,100379,3.0,1773964800
118,100427,5.0,1771372800
118,100223,4.5,1771027200
118,100148,4.5,1769558400
118,100387,3.5,1772668800
118,100244,3.0,1772150400
118,100358,3.0,1770076800
118,100068,1.5,1773446400
118,100375,0.5,1769731200
118,100093,2.0,1771891200
118,100370,4.5,1772755200
118,100392,5.0,1769385600
118,100301,5.0,1772496000
118,100469,1.0,1772323200
118,100419,2.5,1773360000
118,100479,1.0,1772668800
118,100260,2.5,1771545600
118,100042,4.0,1773014400
118,100077,1.5,1772668800
118,100458,2.5,1770940800
119,100054,2.0,1772668800
119,100473,5.0,1771891200
119,100118,4.0,1771372800
119,100341,1.5,1769644800
119,100142,4.0,1772668800
119,100072,1.0,1770336000
119,100049,1.0,1771804800
119,100105,3.5,1771545600
119,100282,2.5,1773792000
119,100429,1.5,1772755200
119,100260,1.0,1772323200
119,100386,1.0,1770163200
119,100086,2.0,1770249600
119,100014,1.0,1772496000
119,100306,1.5,1771459200
119,100462,3.0,1772755200
119,100020,4.0,1770768000
119,100491,4.5,1770508800
119,100456,1.0,1770336000
119,100276,3.0,1769299200
119,100275,0.5,1771891200
119,100409,1.0,1769126400
119,100099,4.5,1772496000
119,100003,2.0,1769644800
119,100250,4.5,1770595200
119,100426,0.5,1769040000
119,100421,0.5,1772928000
119,100013,1.5,1771027200
119,100189,3.5,1769472000
120,100344,2.0,1770768000
120,100100,1.0,1769040000
120,100135,4.5,1769558400
120,100240,2.0,1774224000
120,100077,3.5,1773878400
120,100248,4.0,1771200000
120,100416,5.0,1773100800
120,100095,1.5,1774051200
120,100375,3.5,1770422400
120,100254,2.5,1770854400
120,100144,3.5,1770768000
120,100067,5.0,1772928000
121,100178,1.0,1769385600
121,100247,2.5,1771977600
121,100271,4.0,1772496000
121,100336,2.0,1770595200
121,100488,3.5,1773619200
121,100092,1.5,1771718400
121,100449,3.0,1770595200
121,100153,1.0,1772323200
121,100430,3.5,1770336000
121,100118,1.5,1769990400
121,100448,4.0,1769644800
121,100149,4.0,1770940800
121,100342,3.5,1770508800
121,100248,2.0,1774137600
121,100250,2.5,1772755200
121,100407,4.5,1773100800
121,100322,3.5,1773964800
121,100200,4.5,1769990400
121,100306,3.0,1772841600
121,100182,3.0,1771977600
121,100278,3.5,1769817600
121,100246,4.0,1771891200
121,100151,3.5,1772841600
121,100049,0.5,1772755200
121,100112,4.0,1770249600
122,100173,2.0,1769990400
122,100325,1.0,1769040000
122,100419,5.0,1770854400
122,100023,3.0,1773532800
122,100157,5.0,1771286400
122,100229,0.5,1769040000
122,100209,0.5,1769817600
122,100113,3.5,1773792000
122,100293,3.0,1769212800
122,100448,3.0,1769990400
122,100085,4.5,1773878400
122,100274,0.5,1771372800
123,100185,1.5,1769212800
123,100274,3.0,1772409600
123,100101,3.5,1773100800
123,100080,4.5,1770249600
123,100429,2.0,1769040000
123,100202,0.5,1774051200
123,100440,0.5,1770076800
123,100367,4.5,1773705600
123,100117,4.5,1772064000
123,100148,4.0,1774051200
123,100410,1.5,1772668800
124,100012,3.5,1773532800
124,100117,2.5,1769472000
124,100323,1.0,1773878400
124,100395,1.0,1771459200
124,100352,3.5,1774137600
124,100126,0.5,1770163200
124,100017,4.5,1770940800
124,100139,1.5,1773705600
124,100383,5.0,1769904000
124,100063,3.5,1773187200
124,100416,5.0,1769558400
124,100401,2.5,1769904000
124,100193,3.0,1771891200
124,100335,4.5,1770163200
125,100154,2.5,1770681600
125,100140,5.0,1771632000
125,100234,3.5,1772668800
125,100103,3.5,1773792000
125,100051,2.0,1771977600
126,100142,0.5,1772064000
126,100247,2.0,1771804800
126,100145,3.0,1771632000
126,100464,5.0,1773705600
126,100359,2.5,1772409600
126,100273,1.5,1769817600
126,100259,1.0,1773705600
126,100125,4.5,1773360000
126,100195,2.0,1769472000
126,100008,4.0,1771027200
126,100254,2.0,1773792000
126,100372,1.5,1772064000
126,100201,5.0,1769644800
126,100487,4.0,1771372800
126,100190,5.0,1770076800
126,100390,2.0,1773964800
126,100279,4.0,1772841600
126,100365,3.5,1772582400
126,100055,3.0,1769644800
126,100231,1.5,1774051200
126,100114,3.0,1770422400
126,100295,5.0,1770940800
127,100446,4.0,1771459200
127,100002,4.5,1769558400
127,100137,1.0,1769212800
127,100353,1.0,1771891200
127,100107,1.0,1772150400
127,100386,1.5,1770076800
127,100287,0.5,1773360000
127,100406,4.5,1770163200
127,100250,1.0,1773360000
127,100279,2.0,1771804800
127,100255,1.0,1774051200
127,100160,3.5,1771545600
127,100491,1.5,1770768000
127,100333,4.5,1771545600
127,100120,1.5,1770163200
127,100164,4.5,1771977600
127,100236,3.5,1774224000
127,100362,2.5,1773619200
128,100150,5.0,1769040000
128,100368,3.0,1771372800
128,100472,5.0,1772841600
128,100450,4.0,1771718400
128,100346,2.0,1769126400
128,100138,3.0,1769126400
128,100267,1.5,1773360000
128,100165,4.5,1770336000
128,100314,4.0,1774224000
128,100455,3.0,1771977600
128,100190,1.5,1773446400
128,100288,4.0,1773878400
128,100332,0.5,1772582400
128,100084,2.0,1773187200
128,100072,1.0,1771286400
128,100148,4.0,1772409600
128,100350,1.0,1773964800
128,100104,5.0,1771718400
129,100080,3.5,1769126400
129,100034,2.5,1771200000
129,100179,4.5,1770681600
129,100325,2.0,1773878400
129,100286,5.0,1773446400
129,100452,1.0,1770249600
129,100115,2.0,1772755200
129,100176,1.5,1772841600
129,100321,5.0,1773705600
129,100007,1.5,1769817600
129,100475,4.5,1771027200
129,100098,3.5,1772409600
129,100140,5.0,1769990400
129,100145,5.0,1770940800
129,100420,2.5,1769817600
129,100466,5.0,1770595200
129,100444,4.0,1773100800
129,100218,1.5,1774224000
129,100299,2.0,1773100800
129,100373,1.0,1769126400
129,100156,5.0,1773446400
129,100188,1.5,1773360000
129,100319,4.0,1769472000
129,100392,0.5,1772496000
130,100458,3.5,1770595200
130,100496,4.0,1772496000
130,100026,2.5,1771459200
130,100070,1.0,1772928000
130,100261,4.5,1772064000
130,100413,3.5,1769990400
130,100225,3.5,1770336000
131,100181,3.5,1771200000
131,100159,4.0,1771545600
131,100429,2.5,1770508800
131,100267,1.0,1771200000
131,100162,3.5,1770681600
131,100271,3.0,1773273600
131,100040,0.5,1769472000
131,100452,3.0,1769558400
131,100309,4.0,1769990400
131,100431,3.0,1770249600
131,100109,3.5,1773100800
131,100489,5.0,1771200000
131,100085,2.0,1772150400
131,100484,3.0,1773273600
131,100324,0.5,1773187200
131,100426,4.0,1772236800
131,100142,4.5,1773187200
131,100364,0.5,1771027200
131,100073,2.5,1772409600
131,100430,1.0,1769212800
132,100468,2.5,1772755200
132,100129,0.5,1771113600
132,100257,0.5,1769472000
132,100471,4.0,1770940800
132,100006,4.0,1771545600
132,100310,1.5,1771632000
132,100139,4.5,1769817600
132,100017,1.0,1774051200
132,100331,3.0,1774137600
132,100140,5.0,1769299200
132,100328,1.5,1770336000
132,100245,1.5,1769472000
132,100203,1.5,1773792000
132,100022,3.5,1769644800
132,100356,1.0,1773964800
132,100360,4.0,1770768000
133,100031,0.5,1769040000
133,100160,3.5,1771977600
133,100049,0.5,1773878400
133,100439,2.0,1769731200
133,100278,4.5,1773446400
133,100142,2.5,1773792000
133,100436,1.5,1771804800
133,100099,0.5,1772755200
133,100335,5.0,1773187200
133,100314,4.5,1771977600
133,100377,1.5,1770768000
133,100008,0.5,1772582400
133,100170,2.5,1771200000
133,100428,3.0,1773619200
133,100344,3.0,1771718400
133,100434,5.0,1769644800
133,100460,1.0,1771113600
133,100162,4.0,1773792000
133,100459,1.0,1769212800
133,100363,1.0,1773273600
133,100086,1.0,1773273600
133,100463,3.0,1771027200
133,100300,0.5,1769990400
133,100369,1.5,1769904000
133,100483,0.5,1773100800
133,100187,3.0,1771718400
133,100264,1.0,1769385600
134,100482,2.0,1773273600
134,100126,2.5,1772841600
134,100157,4.0,1772841600
134,100428,1.0,1771545600
134,100348,3.0,1771027200
134,100328,3.0,1772323200
134,100461,4.5,1771804800
134,100442,1.5,1774051200
134,100097,5.0,1772150400
134,100382,1.5,1771286400
134,100386,5.0,1773100800
134,100377,3.5,1772323200
134,100067,2.5,1773100800
134,100158,3.0,1770422400
134,100027,4.5,1771200000
134,100194,2.5,1773792000
134,100361,4.5,1769990400
134,100146,2.0,1772841600
134,100091,2.0,1771718400
134,100142,2.5,1774051200
134,100071,1.0,1771372800
134,100289,1.5,1771632000
134,100161,1.5,1771718400
134,100211,5.0,1772496000
134,100115,3.0,1771113600
134,100427,3.5,1770595200
134,100096,5.0,1769299200
134,100139,0.5,1772496000
135,100053,5.0,1770422400
135,100322,3.5,1770249600
135,100183,3.5,1771632000
135,100445,2.0,1772841600
135,100461,3.0,1770940800
135,100004,3.0,1771632000
135,100081,3.5,1772582400
135,100215,0.5,1769126400
135,100243,2.0,1770076800
135,100171,4.5,1773705600
135,100172,3.5,1771891200
135,100331,2.5,1771113600
135,100462,3.5,1771027200
135,100051,0.5,1773360000
135,100095,4.5,1773360000
135,100467,2.5,1769385600
135,100156,5.0,1770422400
135,100083,4.5,1773187200
135,100239,5.0,1770076800
135,100279,1.5,1773532800
135,100385,3.0,1769904000
135,100011,0.5,1773792000
135,100224,2.5,1769904000
135,100414,1.5,1769817600
135,100315,3.0,1771718400
135,100233,3.5,1773360000
135,100303,4.0,1774224000
136,100075,4.0,1771200000
136,100102,3.5,1770422400
136,100452,2.0,1769212800
136,100088,4.0,1770595200
136,100154,3.5,1769644800
136,100157,4.0,1770336000
136,100041,2.0,1770076800
136,100094,1.0,1772150400
136,100120,1.5,1772496000
136,100439,1.5,1772064000
136,100104,3.0,1769299200
136,100223,2.5,1769731200
136,100046,3.5,1770940800
136,100370,3.5,1771286400
136,100125,1.0,1772323200
136,100078,4.0,1770595200
136,100350,5.0,1774137600
136,100284,2.0,1769385600
136,100432,5.0,1773273600
136,100397,2.0,1772236800
136,100191,3.0,1772409600
136,100002,4.5,1769731200
136,100244,0.5,1770854400
136,100081,5.0,1770076800
136,100176,3.5,1769212800
136,100051,1.0,1770681600
137,100070,3.5,1773446400
137,100255,2.5,1772582400
137,100096,3.5,1770508800
137,100022,4.0,1774051200
137,100108,2.5,1771977600
137,100154,1.5,1773360000
137,100222,3.5,1770508800
137,100047,4.5,1769644800
137,100173,1.0,1771718400
137,100196,1.0,1772323200
137,100334,1.0,1770681600
137,100092,3.5,1769817600
138,100006,3.0,1769990400
138,100082,4.0,1770336000
138,100163,3.0,1769558400
138,100065,4.5,1772236800
138,100294,1.0,1769904000
138,100259,1.5,1771891200
138,100196,4.5,1770076800
138,100351,3.5,1769472000
138,100232,1.0,1773446400
138,100005,0.5,1772409600
138,100248,5.0,1772841600
138,100334,2.0,1771459200
138,100491,5.0,1770249600
138,100343,4.0,1771891200
138,100205,0.5,1771718400
138,100216,2.5,1774051200
138,100394,1.0,1769472000
138,100027,4.0,1771718400
138,100155,3.0,1773964800
138,100217,5.0,1770508800
138,100132,3.0,1772841600
138,100379,3.5,1772409600
138,100324,2.5,1769990400
138,100059,0.5,1771286400
138,100309,2.5,1773273600
138,100413,2.5,1772323200
138,100410,3.5,1774137600
138,100465,4.0,1772496000
138,100230,2.5,1770768000
138,100257,0.5,1770940800
139,100182,1.0,1771286400
139,100374,1.0,1773532800
139,100018,1.5,1770768000
139,100272,4.0,1771891200
139,100378,2.5,1772323200
139,100202,4.0,1770422400
139,100127,5.0,1772928000
139,100089,4.5,1771113600
140,100020,2.5,1771891200
140,100039,3.5,1774137600
140,100167,1.5,1769040000
140,100190,2.5,1770249600
140,100019,1.0,1769644800
140,100075,3.5,1773619200
140,100311,2.0,1771113600
140,100370,2.5,1772582400
140,100326,5.0,1771459200
140,100415,4.5,1769558400
140,100451,2.0,1770422400
140,100051,0.5,1772236800
140,100195,5.0,1771632000
140,100262,2.0,1770076800
140,100371,3.5,1772755200
140,100040,1.5,1772755200
140,100172,4.5,1770595200
140,100474,0.5,1770940800
140,100383,3.5,1769212800
141,100347,1.5,1772755200
141,100145,2.5,1771718400
141,100139,5.0,1769904000
141,100002,3.0,1773705600
141,100208,2.0,1773014400
141,100106,0.5,1770336000
141,100009,3.0,1773014400
141,100400,1.0,1770854400
141,100212,2.5,1770249600
141,100336,5.0,1769731200
142,100301,4.0,1773100800
142,100215,4.5,1770422400
142,100325,1.5,1770508800
142,100304,3.5,1772841600
142,100168,3.5,1774051200
142,100277,5.0,1773792000
142,100199,4.0,1771200000
142,100243,3.0,1773792000
142,100476,2.0,1770163200
142,100285,4.5,1772236800
142,100006,2.5,1772668800
142,100175,3.0,1771804800
142,100174,4.0,1774137600
142,100163,1.5,1770854400
142,100177,5.0,1773360000
142,100421,5.0,1772323200
142,100227,5.0,1771891200
142,100077,3.5,1770076800
142,100236,0.5,1770076800
143,100284,3.5,1773100800
143,100380,2.0,1773619200
143,100251,5.0,1772668800
143,100120,1.5,1769472000
143,100192,1.5,1769990400
143,100471,3.5,1771200000
143,100275,3.5,1772323200
143,100067,2.0,1771977600
143,100193,5.0,1772755200
143,100310,3.0,1769990400
143,100485,3.0,1770768000
143,100435,1.0,1770595200
143,100063,3.0,1771459200
143,100049,4.5,1771286400
144,100115,3.0,1770076800
144,100439,4.0,1770681600
144,100206,1.5,1770508800
144,100253,1.0,1772150400
144,100387,5.0,1770681600
144,100237,3.5,1771977600
144,100146,3.5,1773187200
144,100422,0.5,1770854400
144,100473,2.0,1773532800
144,100230,5.0,1770854400
144,100080,4.5,1773792000
144,100447,5.0,1771113600
144,100090,3.5,1769040000
144,100204,0.5,1772496000
144,100147,5.0,1772928000
144,100001,1.5,1771113600
144,100272,4.0,1770508800
145,100487,3.5,1771200000
145,100189,4.5,1769472000
145,100011,2.0,1769558400
145,100380,1.5,1771718400
145,100307,3.0,1770249600
145,100452,2.0,1773273600
145,100404,4.0,1769126400
146,100471,1.5,1772928000
146,100102,4.0,1770249600
146,100165,1.0,1774224000
146,100067,0.5,1770508800
146,100150,3.5,1769472000
146,100033,4.5,1771632000
146,100457,3.5,1773878400
146,100015,3.5,1772841600
146,100105,4.5,1773619200
146,100295,5.0,1770681600
146,100236,4.5,1770336000
146,100235,0.5,1771804800
146,100125,4.0,1769731200
146,100350,0.5,1772668800
146,100308,3.5,1769644800
146,100227,0.5,1772236800
146,100123,3.5,1770336000
146,100407,4.5,1770768000
146,100090,4.0,1771891200
146,100498,1.0,1773705600
146,100256,1.5,1769558400
146,100328,2.5,1770076800
146,100056,5.0,1770076800
146,100411,1.0,1770249600
146,100309,1.5,1772236800
146,100428,3.5,1770595200
146,100169,3.0,1773446400
147,100407,4.0,1770076800
147,100247,2.0,1770076800
147,100107,2.5,1772409600
147,100135,2.5,1770422400
147,100049,4.0,1772409600
147,100168,4.0,1770422400
147,100328,2.5,1771113600
147,100355,2.5,1770940800
147,100037,0.5,1770076800
147,100234,1.5,1773446400
147,100460,4.5,1772668800
147,100363,0.5,1773014400
148,100288,1.5,1773446400
148,100185,5.0,1772668800
148,100365,3.5,1772841600
148,100149,2.0,1774137600
148,100157,2.0,1771027200
148,100483,2.5,1773446400
148,100366,5.0,1774224000
148,100081,2.5,1772236800
148,100290,4.5,1770163200
148,100324,4.5,1772064000
148,100156,4.0,1770854400
148,100243,1.5,1772323200
148,100225,1.5,1771027200
148,100344,4.5,1772496000
148,100150,4.5,1772236800
148,100079,3.5,1769472000
149,100331,5.0,1769990400
149,100086,1.0,1770681600
149,100445,2.0,1772323200
149,100268,4.0,1771718400
149,100246,5.0,1769212800
149,100089,0.5,1769644800
149,100247,4.5,1769299200
149,100459,2.0,1770163200
149,100194,2.0,1772236800
149,100007,0.5,1772064000
149,100342,1.0,1769040000
149,100484,3.0,1771459200
149,100033,1.0,1772755200
149,100175,4.5,1771286400
149,100115,4.5,1769472000
149,100158,1.0,1769817600
149,100105,0.5,1771804800
149,100114,5.0,1771372800
149,100076,2.0,1772928000
149,100142,2.5,1769817600
150,100093,2.0,1773014400
150,100353,2.0,1771027200
150,100479,5.0,1771632000
150,100333,4.0,1773705600
150,100439,4.5,1769385600
150,100125,0.5,1772496000
150,100116,1.0,1773187200
150,100367,4.0,1773619200
150,100233,4.0,1773792000
150,100090,4.0,1773187200
150,100020,1.0,1771286400
150,100311,5.0,1773100800
150,100136,5.0,1771545600
150,100282,2.5,1771113600
150,100142,0.5,1771027200
150,100046,3.5,1769472000
150,100380,1.0,1770249600
150,100097,4.0,1769990400
150,100375,2.0,1771027200
150,100425,5.0,1770076800
150,100469,4.0,1774224000
150,100032,2.5,1770076800
150,100463,3.5,1770940800
150,100462,2.5,1771545600
150,100067,1.5,1772409600
150,100267,4.5,1771632000
150,100155,4.5,1772668800
150,100031,2.5,1772841600
151,100127,1.5,1773878400
151,100174,3.5,1770508800
151,100140,2.5,1773705600
151,100347,4.0,1772409600
151,100287,4.5,1769731200
151,100257,1.5,1773187200
151,100158,1.0,1770076800
151,100320,2.0,1773100800
151,100225,2.5,1771459200
151,100057,2.5,1772496000
151,100387,4.5,1771632000
151,100484,1.0,1770508800
151,100093,2.5,1769126400
151,100249,5.0,1773100800
151,100003,5.0,1770508800
151,100163,1.5,1772496000
151,100457,1.5,1773187200
151,100498,3.5,1769904000
151,100260,1.5,1769558400
151,100240,1.5,1770854400
151,100253,1.5,1772496000
151,100083,4.5,1771632000
152,100304,3.5,1771113600
152,100403,3.5,1770076800
152,100213,3.5,1774224000
152,100399,3.5,1773964800
152,100371,3.5,1772323200
152,100137,1.5,1771718400
152,100117,2.5,1774137600
152,100477,2.0,1773100800
152,100134,2.5,1772668800
152,100241,3.0,1774137600
152,100478,3.0,1771891200
152,100438,3.5,1772496000
152,100427,4.5,1771200000
152,100155,2.0,1769817600
152,100189,2.0,1770854400
152,100074,4.5,1771804800
152,100156,2.5,1773705600
152,100170,1.0,1772928000
152,100372,1.5,1772496000
152,100181,4.0,1769040000
152,100424,5.0,1771632000
152,100381,0.5,1769990400
152,100161,3.5,1770422400
152,100230,4.0,1772928000
152,100157,2.5,1770940800
153,100192,1.5,1769472000
153,100030,1.5,1771027200
153,100051,2.5,1771113600
153,100028,2.0,1771200000
153,100327,1.0,1771804800
153,100175,2.0,1772496000
153,100141,5.0,1771286400
153,100275,2.5,1771200000
153,100189,4.5,1769731200
153,100224,2.5,1770422400
153,100472,0.5,1773532800
153,100145,1.0,1769472000
153,100056,3.0,1769558400
153,100241,3.0,1769299200
153,100068,4.0,1770163200
153,100450,2.0,1773273600
153,100383,3.0,1771718400
153,100037,2.0,1771718400
153,100166,3.0,1772409600
153,100396,2.0,1770508800
153,100375,2.5,1772841600
153,100211,5.0,1770163200
153,100422,0.5,1773532800
154,100328,4.5,1773964800
154,100210,4.5,1772236800
154,100218,0.5,1771113600
154,100202,3.5,1774051200
154,100412,4.5,1769472000
154,100249,3.0,1769904000
154,100408,4.5,1771545600
154,100024,2.5,1771113600
155,100324,1.0,1771113600
155,100034,4.0,1770854400
155,100376,2.0,1770076800
155,100038,1.0,1769990400
155,100289,3.5,1769731200
155,100047,2.5,1771718400
155,100498,4.0,1769385600
155,100285,1.5,1770681600
155,100399,3.0,1773878400
155,100057,1.5,1770681600
155,100272,5.0,1772409600
155,100081,4.0,1771372800
155,100408,3.5,1769385600
155,100262,0.5,1772064000
155,100433,5.0,1772668800
156,100319,2.0,1772496000
156,100424,3.5,1773446400
156,100199,2.5,1769558400
156,100009,2.0,1771027200
156,100004,3.0,1771286400
157,100334,1.5,1773705600
157,100340,0.5,1771286400
157,100102,5.0,1769040000
157,100394,0.5,1769990400
157,100420,1.5,1771286400
157,100294,3.0,1773878400
157,100473,3.0,1769472000
157,100181,3.0,1769126400
157,100457,2.0,1770595200
157,100450,2.0,1773187200
157,100366,2.5,1773360000
157,100444,3.5,1772755200
157,100295,2.0,1769126400
157,100078,2.0,1769990400
157,100096,3.0,1774137600
157,100395,1.5,1769385600
157,100075,4.0,1773619200
157,100105,3.5,1774137600
157,100157,4.0,1769472000
158,100437,4.0,1770163200
158,100378,5.0,1772323200
158,100106,3.0,1771977600
158,100194,2.0,1773100800
158,100025,1.0,1769817600
158,100228,4.5,1772236800
158,100224,4.0,1772841600
158,100204,4.5,1773619200
158,100101,4.0,1774137600
158,100105,0.5,1772150400
158,100394,3.5,1772064000
158,100302,1.0,1772323200
158,100417,3.0,1769040000
158,100063,2.5,1769644800
158,100047,1.0,1771891200
158,100496,2.5,1773014400
158,100089,1.0,1770681600
158,100259,3.5,1769385600
158,100467,4.0,1774137600
158,100296,2.5,1770249600
158,100370,3.0,1774051200
158,100264,1.5,1769558400
158,100062,2.0,1773273600
158,100083,5.0,1774224000
158,100387,1.5,1771372800
158,100107,1.5,1773532800
158,100061,4.0,1770076800
158,100481,0.5,1773964800
159,100410,1.0,1769904000
159,100107,1.5,1774137600
159,100443,4.0,1773100800
159,100378,2.5,1772064000
159,100338,3.0,1769212800
159,100150,2.5,1770854400
159,100190,3.0,1774137600
159,100316,0.5,1772409600
159,100212,0.5,1769385600
159,100421,4.0,1774051200
159,100080,1.5,1769212800
159,100214,3.5,1774051200
159,100088,4.5,1772150400
159,100089,5.0,1770249600
159,100479,4.5,1773360000
159,100265,1.5,1773705600
159,100494,0.5,1772323200
159,100077,2.0,1773792000
159,100379,3.5,1773878400
159,100414,1.0,1771632000
159,100342,4.0,1771977600
159,100092,4.5,1771804800
159,100186,1.5,1769558400
159,100450,5.0,1769817600
160,100000,2.0,1771459200
160,100159,1.5,1769817600
160,100243,1.5,1773014400
160,100240,1.0,1770163200
160,100460,1.0,1770336000
160,100462,3.5,1772668800
160,100131,5.0,1773705600
160,100065,2.0,1773014400
160,100165,2.5,1773273600
160,100336,2.5,1772409600
160,100276,4.0,1770595200
160,100187,5.0,1771372800
160,100489,4.5,1771113600
160,100314,2.5,1770076800
160,100342,1.5,1772496000
160,100366,3.5,1772236800
160,100049,1.5,1771027200
160,100244,0.5,1770163200
160,100252,3.5,1770768000
160,100383,0.5,1769904000
160,100425,2.0,1773273600
160,100436,0.5,1773446400
160,100292,0.5,1769644800
160,100100,2.0,1773360000
160,100064,3.5,1772496000
161,100292,2.0,1770768000
161,100246,5.0,1772064000
161,100247,4.0,1773100800
161,100439,4.0,1770854400
161,100176,2.5,1771286400
162,100060,1.0,1770595200
162,100381,3.0,1770076800
162,100143,4.5,1772841600
162,100335,1.0,1769904000
162,100393,3.0,1771891200
162,100263,0.5,1771286400
162,100473,1.5,1773705600
162,100172,2.0,1771718400
162,100456,1.0,1773619200
162,100095,4.5,1770336000
162,100130,2.5,1773532800
162,100174,3.0,1772582400
162,100413,4.0,1771891200
162,100446,4.5,1769040000
162,100249,1.0,1769472000
162,100395,4.5,1773273600
162,100281,3.5,1769731200
162,100233,4.5,1773187200
162,100339,1.5,1769644800
163,100113,1.0,1770508800
163,100397,1.5,1770768000
163,100008,5.0,1773014400
163,100101,1.5,1771286400
163,100375,5.0,1771891200
163,100381,2.0,1772755200
163,100181,0.5,1769040000
163,100269,3.5,1772668800
163,100307,3.5,1769299200
163,100399,4.5,1771977600
163,100077,4.0,1771718400
163,100288,3.0,1773532800
163,100440,2.5,1774224000
163,100271,1.0,1772841600
163,100268,4.5,1770595200
163,100024,2.5,1773100800
163,100409,5.0,1770940800
163,100272,1.0,1773964800
163,100185,3.5,1773532800
163,100276,1.5,1771632000
163,100117,1.5,1770076800
163,100355,2.0,1772064000
163,100484,1.5,1770681600
163,100085,3.5,1772064000
163,100191,5.0,1773187200
163,100081,2.0,1769644800
164,100036,4.0,1773446400
164,100115,2.5,1770076800
164,100493,3.0,1774224000
164,100485,1.0,1771372800
164,100141,2.5,1771372800
164,100071,1.0,1769990400
164,100457,5.0,1771632000
164,100205,2.0,1770595200
164,100063,4.0,1772582400
164,100371,1.0,1771286400
164,100378,5.0,1771718400
164,100299,1.5,1773878400
164,100483,3.0,1769385600
164,100344,2.5,1769040000
164,100077,0.5,1772150400
164,100105,2.5,1773619200
165,100238,4.0,1769644800
165,100218,3.5,1771977600
165,100299,0.5,1770768000
165,100086,1.0,1769472000
165,100448,2.5,1769644800
165,100363,2.5,1769299200
165,100354,2.5,1770768000
165,100443,4.5,1772409600
165,100406,3.5,1770595200
165,100249,2.5,1772323200
165,100388,1.0,1774224000
165,100149,1.0,1770336000
165,100115,4.0,1772928000
165,100267,5.0,1771545600
165,100052,2.0,1771027200
165,100045,3.5,1770595200
165,100374,2.5,1773705600
165,100308,4.0,1771200000
165,100491,5.0,1769644800
165,100306,5.0,1772150400
165,100442,5.0,1771372800
165,100185,3.5,1774051200
165,100123,5.0,1773705600
165,100445,5.0,1769644800
165,100435,1.0,1771113600
166,100060,5.0,1771977600
166,100494,3.5,1770336000
166,100391,0.5,1772323200
166,100122,4.0,1769558400
166,100184,4.0,1771113600
166,100297,4.5,1774051200
166,100344,3.5,1769731200
166,100363,3.5,1770595200
167,100110,3.0,1773705600
167,100290,2.5,1769212800
167,100092,3.5,1769817600
167,100012,0.5,1770249600
167,100322,4.0,1769558400
168,100183,4.0,1770422400
168,100419,2.5,1769990400
168,100349,1.5,1773100800
168,100176,4.5,1769990400
168,100180,4.5,1770681600
168,100498,3.0,1770163200
168,100494,3.5,1770076800
168,100127,3.0,1769990400
168,100141,1.5,1769558400
168,100228,4.0,1769558400
168,100401,1.0,1772409600
168,100024,3.0,1770854400
168,100166,4.5,1770163200
169,100428,1.5,1773360000
169,100494,3.0,1774137600
169,100116,1.0,1773187200
169,100162,5.0,1772582400
169,100424,4.5,1770422400
169,100156,4.5,1772668800
169,100051,4.5,1771286400
169,100468,1.5,1772064000
169,100369,5.0,1770422400
169,100046,1.0,1773187200
169,100327,1.0,1773792000
169,100207,5.0,1769212800
169,100160,3.5,1769558400
169,100318,2.5,1773446400
169,100254,3.0,1771286400
169,100095,3.0,1772064000
169,100387,1.5,1769212800
169,100195,3.5,1773705600
169,100103,2.5,1770854400
169,100135,5.0,1773792000
169,100438,3.0,1773014400
169,100362,4.0,1769731200
169,100248,0.5,1772928000
169,100179,4.5,1773446400
169,100172,2.5,1774137600
169,100412,4.0,1773014400
169,100224,2.0,1772928000
169,100458,2.0,1771804800
169,100185,2.0,1773446400
169,100386,0.5,1772668800
170,100493,3.5,1773273600
170,100010,4.5,1771027200
170,100439,3.5,1770768000
170,100313,5.0,1769385600
170,100247,3.5,1770163200
170,100429,2.5,1770336000
170,100224,3.0,1769817600
170,100212,2.5,1771891200
170,100284,3.0,1772236800
170,100282,2.0,1772496000
170,100290,4.5,1772323200
170,100098,1.0,1770422400
171,100164,1.0,1769212800
171,100440,4.5,1770336000
171,100423,4.0,1771286400
171,100359,3.0,1773705600
171,100126,5.0,1773014400
171,100407,3.0,1770336000
171,100275,4.5,1769731200
171,100296,2.0,1771718400
171,100065,2.5,1771113600
172,100235,1.0,1773360000
172,100316,0.5,1771200000
172,100224,4.0,1771200000
172,100254,0.5,1769299200
172,100302,3.0,1771632000
172,100223,1.5,1773878400
173,100181,2.5,1772409600
173,100033,2.0,1771113600
173,100488,4.5,1769040000
173,100368,3.5,1773446400
173,100141,4.5,1770508800
173,100291,5.0,1772496000
173,100129,0.5,1770854400
173,100485,0.5,1770336000
173,100459,3.0,1771027200
173,100372,1.0,1769990400
173,100014,1.0,1770854400
173,100365,1.0,1771372800
173,100306,3.5,1770249600
173,100251,1.5,1770249600
173,100220,2.0,1772928000
173,100360,5.0,1769990400
173,100391,1.5,1769644800
173,100482,1.5,1774137600
173,100068,4.0,1770249600
173,100202,1.0,1772409600
173,100110,1.0,1773705600
173,100338,3.5,1771113600
173,100231,3.5,1769817600
173,100158,3.5,1772150400
173,100275,4.0,1773532800
173,100356,3.0,1773273600
174,100159,1.0,1773273600
174,100181,2.5,1772064000
174,100090,2.0,1773014400
174,100362,3.0,1770681600
174,100220,1.0,1772409600
174,100450,4.0,1770076800
174,100129,1.0,1771372800
174,100255,2.5,1774137600
175,100031,2.0,1770768000
175,100285,5.0,1771545600
175,100030,1.5,1771286400
175,100349,2.0,1772323200
175,100191,1.0,1769472000
175,100048,1.5,1770940800
175,100086,3.0,1771113600
175,100000,1.5,1769299200
175,100493,4.0,1770336000
175,100270,1.5,1771459200
175,100006,1.5,1769731200
175,100002,4.0,1774137600
175,100167,5.0,1774051200
175,100196,4.5,1769385600
175,100156,1.0,1769817600
175,100014,2.5,1769126400
175,100409,2.5,1773705600
175,100463,3.0,1770508800
175,100290,1.5,1771027200
175,100288,4.5,1773360000
175,100439,1.0,1771545600
175,100035,2.0,1770940800
175,100489,1.5,1770854400
175,100088,3.0,1769040000
176,100475,4.0,1773187200
176,100337,3.5,1774051200
176,100280,3.0,1773964800
176,100425,4.0,1769817600
176,100199,5.0,1773705600
176,100401,4.5,1773792000
176,100229,3.0,1769212800
176,100483,4.5,1771113600
176,100059,5.0,1770422400
176,100342,4.5,1771372800
176,100283,3.5,1770076800
176,100033,4.5,1770681600
176,100173,2.0,1772668800
176,100126,3.0,1773532800
176,100187,4.0,1770076800
176,100072,2.0,1772668800
176,100122,3.5,1772064000
176,100491,3.5,1772150400
176,100418,1.0,1771545600
177,100251,5.0,1772150400
177,100053,2.5,1771545600
177,100164,2.5,1769990400
177,100287,0.5,1771372800
177,100247,0.5,1773187200
178,100157,1.5,1770681600
178,100456,3.0,1770163200
178,100300,0.5,1771286400
178,100382,0.5,1773964800
178,100460,2.5,1772150400
178,100292,2.0,1772323200
178,100277,4.5,1773964800
179,100447,5.0,1770768000
179,100222,5.0,1774224000
179,100378,0.5,1769126400
179,100260,3.5,1773100800
179,100268,1.0,1769126400
179,100434,2.5,1774224000
179,100091,2.0,1770595200
179,100189,3.0,1773273600
179,100348,3.5,1769731200
179,100357,2.0,1772236800
179,100022,3.5,1774051200
179,100466,1.5,1773446400
179,100109,5.0,1772928000
179,100050,5.0,1770595200
179,100234,2.5,1769385600
179,100486,3.5,1770508800
179,100095,5.0,1770336000
179,100456,2.5,1773100800
179,100113,2.5,1771977600
179,100364,0.5,1771977600
179,100163,3.5,1772150400
179,100037,2.5,1769644800
179,100365,2.0,1769731200
179,100104,4.0,1772841600
179,100253,5.0,1774224000
179,100105,3.5,1774051200
180,100392,3.5,1772668800
180,100229,4.5,1772668800
180,100065,2.5,1769558400
180,100339,5.0,1772841600
180,100353,1.0,1770076800
180,100114,1.0,1772064000
180,100036,2.0,1769040000
180,100326,1.0,1771200000
180,100058,4.0,1773187200
180,100059,1.5,1771372800
180,100081,0.5,1771632000
180,100461,4.0,1773705600
180,100405,1.0,1773014400
180,100250,0.5,1769644800
180,100034,3.5,1773273600
180,100093,1.0,1770076800
180,100274,1.0,1772928000
180,100167,3.5,1770854400
180,100085,3.0,1771804800
180,100483,1.5,1771804800
180,100378,5.0,1769990400
180,100131,0.5,1770595200
180,100489,4.5,1769990400
180,100348,2.0,1769990400
180,100366,2.0,1770249600
180,100476,3.0,1774051200
180,100355,5.0,1774224000
181,100174,0.5,1772064000
181,100440,3.5,1773446400
181,100486,2.5,1771459200
181,100128,1.0,1773014400
181,100471,1.5,1770768000
181,100089,2.0,1772409600
181,100179,4.0,1774137600
181,100236,4.0,1773878400
181,100102,2.0,1770940800
182,100147,3.0,1774051200
182,100285,1.5,1769299200
182,100082,1.0,1770508800
182,100073,2.0,1774224000
182,100280,3.5,1774224000
182,100493,5.0,1773964800
182,100162,3.5,1769990400
182,100029,5.0,1773619200
182,100057,2.0,1770076800
182,100350,0.5,1771113600
182,100033,4.5,1773878400
182,100209,0.5,1770681600
182,100265,4.0,1769126400
182,100273,5.0,1770681600
182,100008,3.5,1772668800
182,100316,5.0,1772150400
182,100368,4.0,1769212800
182,100086,2.0,1770508800
182,100370,4.0,1770854400
182,100477,2.5,1772323200
182,100164,4.0,1771632000
183,100232,1.5,1772150400
183,100274,2.5,1769385600
183,100450,1.5,1772236800
183,100184,0.5,1771891200
183,100114,2.5,1773446400
183,100073,0.5,1771718400
183,100146,3.5,1770336000
183,100326,4.5,1769558400
183,100374,2.0,1772064000
184,100430,4.0,1770249600
184,100320,4.0,1771804800
184,100180,3.5,1771718400
184,100106,3.0,1772409600
184,100482,3.0,1770595200
184,100207,3.5,1773532800
184,100215,4.5,1773100800
184,100452,2.0,1773100800
184,100213,2.0,1771113600
185,100485,3.5,1772236800
185,100447,2.5,1773100800
185,100373,3.5,1773446400
185,100337,4.0,1773705600
185,100401,4.5,1770681600
185,100316,4.0,1772582400
185,100186,5.0,1771977600
185,100460,0.5,1773187200
185,100237,2.0,1772409600
185,100280,4.5,1769385600
185,100441,1.5,1770595200
186,100479,1.5,1770681600
186,100264,3.5,1771113600
186,100221,2.0,1773446400
186,100092,3.5,1772496000
186,100482,4.0,1772928000
186,100226,1.5,1770076800
186,100012,4.0,1772496000
186,100355,5.0,1769126400
186,100105,5.0,1771372800
186,100197,0.5,1770508800
186,100290,1.0,1769904000
186,100341,1.0,1773792000
186,100088,0.5,1774224000
186,100139,0.5,1772409600
186,100381,1.0,1772496000
186,100348,3.0,1773187200
186,100288,1.5,1773100800
187,100430,2.5,1772582400
187,100033,1.0,1769817600
187,100185,4.5,1773360000
187,100319,1.5,1773360000
187,100465,3.5,1773619200
187,100161,4.5,1769212800
187,100298,5.0,1771977600
187,100463,1.5,1771200000
187,100424,4.5,1770768000
187,100228,4.0,1770422400
187,100243,2.5,1770422400
187,100173,2.0,1773619200
187,100360,1.5,1769212800
187,100089,4.0,1773705600
188,100020,1.0,1769385600
188,100069,3.0,1773878400
188,100450,1.5,1773532800
188,100195,5.0,1772582400
188,100242,3.5,1769212800
188,100194,1.5,1773619200
188,100244,2.0,1770768000
188,100087,3.0,1772668800
188,100392,1.0,1772323200
188,100010,5.0,1769817600
188,100300,4.0,1774137600
188,100352,5.0,1769299200
188,100418,5.0,1771977600
188,100185,1.5,1772236800
188,100476,2.5,1773187200
188,100225,4.5,1772755200
188,100299,4.5,1769299200
188,100292,0.5,1771545600
188,100093,3.0,1769299200
188,100229,1.5,1773964800
188,100457,2.0,1770422400
188,100496,2.5,1772841600
188,100251,4.0,1771891200
188,100484,3.0,1774051200
188,100343,2.5,1770163200
188,100290,4.0,1770595200
188,100176,1.0,1772409600
188,100453,4.5,1774051200
188,100173,1.5,1769472000
189,100005,3.0,1773532800
189,100376,3.0,1770249600
189,100293,2.5,1771200000
189,100009,2.0,1771545600
189,100154,2.5,1772755200
189,100194,1.0,1769212800
189,100102,4.0,1769212800
189,100463,1.0,1769817600
189,100240,3.0,1769472000
189,100198,4.5,1769299200
189,100018,1.0,1774137600
189,100355,1.5,1769817600
189,100344,1.0,1772928000
189,100138,1.0,1773273600
189,100356,3.0,1773878400
189,100192,1.5,1771113600
189,100171,2.0,1769990400
189,100187,1.0,1769472000
189,100411,1.0,1774224000
189,100262,0.5,1770163200
189,100437,3.0,1769472000
189,100401,5.0,1773878400
189,100217,1.5,1771027200
189,100208,4.0,1770768000
190,100402,1.0,1774224000
190,100340,3.5,1769904000
190,100054,2.0,1773100800
190,100313,0.5,1770336000
190,100062,1.0,1772150400
190,100028,3.0,1770768000
190,100360,4.5,1773187200
190,100071,4.0,1769731200
190,100102,2.0,1770336000
190,100470,4.0,1770940800
190,100381,1.5,1771632000
190,100474,2.5,1770249600
190,100041,5.0,1769472000
190,100095,0.5,1771804800
190,100046,1.5,1771459200
191,100040,1.5,1769385600
191,100090,4.5,1771113600
191,100498,2.0,1770422400
191,100101,1.0,1770422400
191,100134,1.0,1773187200
192,100434,5.0,1771977600
192,100164,4.5,1770768000
192,100387,2.5,1773100800
192,100116,3.5,1772841600
192,100083,3.0,1770163200
192,100202,2.0,1771372800
192,100325,0.5,1770681600
192,100428,2.5,1772668800
192,100303,1.5,1773878400
192,100151,0.5,1773878400
193,100176,3.0,1770422400
193,100462,5.0,1770508800
193,100375,1.0,1771113600
193,100030,2.5,1770249600
193,100317,3.0,1771804800
193,100386,3.0,1770163200
193,100418,4.0,1772236800
193,100220,4.0,1772582400
193,100040,4.0,1772496000
193,100345,4.5,1770163200
193,100391,2.0,1773014400
193,100460,5.0,1773360000
193,100366,0.5,1770422400
193,100228,3.0,1771977600
193,100006,4.0,1769385600
193,100381,4.0,1772496000
193,100045,3.5,1771718400
193,100163,4.0,1771804800
193,100301,1.5,1773446400
193,100394,3.5,1771977600
194,100447,1.5,1772064000
194,100071,3.0,1774224000
194,100403,3.5,1769904000
194,100162,1.5,1773446400
194,100195,5.0,1769040000
195,100111,4.0,1772064000
195,100048,1.5,1772582400
195,100008,4.5,1772755200
195,100200,2.0,1773187200
195,100241,4.0,1770940800
195,100076,4.0,1771891200
195,100138,3.5,1769040000
195,100172,1.5,1771545600
195,100101,0.5,1772323200
195,100011,1.0,1773878400
196,100361,2.5,1770768000
196,100244,1.5,1772409600
196,100311,2.5,1770508800
196,100148,5.0,1771891200
196,100072,5.0,1773619200
196,100120,5.0,1773532800
196,100265,4.5,1772668800
196,100482,3.0,1770249600
196,100253,3.0,1769817600
196,100411,1.5,1772236800
196,100110,5.0,1771632000
196,100213,1.0,1774137600
196,100251,4.0,1772236800
196,100006,3.5,1772928000
196,100489,2.0,1769040000
197,100352,5.0,1769904000
197,100119,3.0,1770422400
197,100465,2.0,1769299200
197,100446,1.5,1772496000
197,100462,5.0,1769212800
197,100160,2.0,1770336000
197,100324,5.0,1770854400
197,100468,2.0,1769731200
197,100461,2.0,1771545600
197,100497,5.0,1771632000
197,100243,0.5,1772496000
197,100402,4.5,1769385600
197,100143,1.0,1772150400
197,100284,1.5,1770854400
197,100174,3.0,1773792000
198,100251,0.5,1771632000
198,100236,2.0,1773014400
198,100308,0.5,1772496000
198,100461,3.0,1769731200
198,100456,5.0,1771632000
198,100484,4.5,1773446400
198,100490,2.5,1772496000
198,100372,4.0,1772496000
198,100136,5.0,1769385600
198,100034,4.5,1773187200
198,100230,2.0,1769126400
198,100199,5.0,1770940800
198,100398,1.0,1772668800
198,100098,0.5,1770163200
198,100405,2.0,1771372800
198,100394,4.5,1772668800
198,100141,2.0,1769904000
198,100364,3.5,1771891200
198,100073,0.5,1772582400
198,100186,2.5,1773100800
198,100434,1.5,1772668800
199,100014,1.0,1772236800
199,100333,4.0,1769990400
199,100329,1.5,1771804800
199,100390,3.5,1771200000
199,100215,1.5,1770940800
200,100388,0.5,1769472000
200,100160,3.0,1771200000
200,100055,4.0,1772236800
200,100479,1.5,1772496000
200,100140,3.5,1771200000
200,100233,0.5,1770768000
200,100141,3.5,1770681600
200,100101,3.0,1772064000
200,100361,1.5,1772496000
200,100310,5.0,1769644800
200,100232,0.5,1770681600
200,100145,2.5,1772496000
200,100083,5.0,1770076800
200,100300,5.0,1774051200
200,100065,4.5,1773964800
200,100165,1.5,1771545600
200,100489,1.0,1769126400
200,100008,1.0,1773532800
200,100063,1.5,1773705600
